STATE,CONSTITUENCY,NAME,WINNER,PARTY,SYMBOL,GENDER,"CRIMINAL
CASES",AGE,CATEGORY,EDUCATION,ASSETS,LIABILITIES,"GENERAL
VOTES","POSTAL
VOTES","TOTAL
VOTES","OVER TOTAL ELECTORS 
IN CONSTITUENCY","OVER TOTAL VOTES POLLED 
IN CONSTITUENCY",TOTAL ELECTORS,ZEROTelangana,ADILABAD,SOYAM BAPU RAO,1,BJP,Lotus,MALE,52,52,ST,12th Pass,"Rs 30,99,414
 ~ 30 Lacs+","Rs 2,31,450
 ~ 2 Lacs+",376892,482,377374,25.33068419,35.4682479,1489790,0Uttar Pradesh,AGRA,Satyapal Singh Baghel,1,BJP,Lotus,MALE,5,58,SC,Doctorate,"Rs 7,42,74,036
 ~ 7 Crore+","Rs 86,06,522
 ~ 86 Lacs+",644459,2416,646875,33.38382301,56.46461464,1937690,0Maharashtra,AHMADNAGAR,Dr. SUJAY RADHAKRISHNA VIKHEPATIL,1,BJP,Lotus,MALE,0,37,GENERAL,Doctorate,"Rs 16,86,64,576
 ~ 16 Crore+","Rs 26,23,964
 ~ 26 Lacs+",696961,7699,704660,37.85653348,58.42515898,1861396,0Gujarat,AHMEDABAD EAST,Patel Hasmukhbhai Somabhai,1,BJP,Lotus,MALE,0,58,GENERAL,Others,"Rs 7,46,99,690
 ~ 7 Crore+","Rs 62,52,577
 ~ 62 Lacs+",745810,4024,749834,41.3849704,67.00546171,1811851,0Rajasthan,AJMER,Bhagirath Chaudhary,1,BJP,Lotus,MALE,0,64,GENERAL,12th Pass,"Rs 8,51,01,774
 ~ 8 Crore+","Rs 83,19,942
 ~ 83 Lacs+",811091,3985,815076,43.4395362,64.52234957,1876346,0Uttar Pradesh,AKBARPUR,Devendra Singh 'Bhole',1,BJP,Lotus,MALE,0,64,GENERAL,10th Pass,"Rs 2,85,46,617
 ~2 Crore+","Rs 5,59,965 
~5 Lacs+",577603,3679,581282,32.91292046,56.62023333,1766121,0Maharashtra,AKOLA,Dhotre Sanjay Shamrao,1,BJP,Lotus,MALE,1,60,GENERAL,Graduate Professional,"Rs 7,71,53,230
 ~ 7 Crore+","Rs 1,49,85,774
 ~ 1 Crore+",552898,1546,554444,29.72620712,49.49575293,1865169,0Kerala,ALAPPUZHA,Adv. A M ARIFF,1,CPI(M),"Hammer, Sickle and Star",MALE,2,54,GENERAL,Graduate Professional,"Rs 1,52,68,906
 ~ 1 Crore+","Rs 22,20,700
 ~ 22 Lacs+",443003,2967,445970,32.87164969,40.91047525,1356701,0Uttar Pradesh,ALIGARH,SATISH KUMAR GAUTAM,1,BJP,Lotus,MALE,0,46,GENERAL,10th Pass,"Rs 10,95,22,559
 ~ 10 Crore+","Rs 2,80,95,176
 ~ 2 Crore+",651805,4410,656215,34.77322936,56.37828085,1887127,0Uttar Pradesh,ALLAHABAD,Rita Bahuguna Joshi,1,BJP,Lotus,FEMALE,6,69,GENERAL,Doctorate,"Rs 2,69,19,330
 ~ 2 Crore+","Rs 16,00,000
 ~ 16 Lacs+",493204,1250,494454,28.81164926,55.5845464,1716160,0Uttarakhand,ALMORA,Ajay Tamta,1,BJP,Lotus,MALE,0,46,SC,12th Pass,"Rs 99,10,448
 ~ 99 Lacs+","Rs 55,845
 ~ 55 Thou+",430455,14196,444651,33.23728069,63.53909006,1337808,0Andhra Pradesh,AMALAPURAM,CHINTA ANURADHA,1,YSRCP,Ceiling Fan,FEMALE,0,46,SC,Graduate,"Rs 8,59,93,362
 ~ 8 Crore+","Rs 24,31,407
 ~ 24 Lacs+",482003,3955,485958,33.29491982,39.33710441,1459556,0Haryana,AMBALA,RATTAN LAL KATARIA,1,BJP,Lotus,MALE,0,67,SC,Post Graduate,"Rs 5,43,61,499
 ~ 5 Crore+","Rs 1,88,861
 ~ 1 Lacs+",744438,2070,746508,40.27100233,56.64280587,1853711,0Uttar Pradesh,AMBEDKAR NAGAR,Ritesh Pandey,1,BSP,Elephant,MALE,1,38,GENERAL,Graduate,"Rs 30,72,65,103
 ~ 30 Crore+","Rs 2,47,39,098
 ~ 2 Crore+",563445,673,564118,31.59162146,51.7247608,1785657,0Maharashtra,AMRAVATI,Navnit Ravi Rana,1,IND,Spanner,FEMALE,1,33,SC,10th Pass,"Rs 12,45,54,656
 ~ 12 Crore+","Rs 7,05,76,979
 ~ 7 Crore+",507844,3103,510947,27.87352074,45.87203159,1833091,0Gujarat,AMRELI,Kachhadiya Naranbhai Bhikhabhai,1,BJP,Lotus,MALE,0,64,GENERAL,12th Pass,"Rs 3,59,00,763
 ~ 3 Crore+","Rs 8,28,961
 ~ 8 Lacs+",527593,1442,529035,32.48700759,58.0436736,1628451,0Punjab,AMRITSAR,GURJEET SINGH AUJLA,1,INC,Hand,MALE,0,46,GENERAL,12th Pass,"Rs 3,40,11,739
 ~ 3 Crore+","Rs 90,31,565
 ~ 90 Lacs+",444052,980,445032,29.51385228,51.71291057,1507875,0Uttar Pradesh,AMROHA,KUNWAR DANISH ALI,1,BSP,Elephant,MALE,0,43,GENERAL,Graduate,"Rs 7,49,20,879
 ~ 7 Crore+","Rs 1,95,79,691
 ~ 1 Crore+",600744,338,601082,36.50809173,51.38533401,1646435,0Andhra Pradesh,ANAKAPALLI,Dr.Beesetti Venkata Satyavathi,1,YSRCP,Ceiling Fan,FEMALE,0,52,GENERAL,Graduate Professional,"Rs 9,15,26,244
 ~ 9 Crore+","Rs 1,11,39,279
 ~ 1 Crore+",583210,3016,586226,38.5329471,47.25891124,1521363,0Gujarat,ANAND,PATEL MITESH RAMESHBHAI (BAKABHAI),1,BJP,Lotus,MALE,2,54,GENERAL,Others,"Rs 7,70,43,053
 ~ 7 Crore+","Rs 78,10,840
 ~ 78 Lacs+",631581,1516,633097,38.23349659,57.03144987,1655870,0Andhra Pradesh,ANANTAPUR,TALARI RANGAIAH,1,YSRCP,Ceiling Fan,MALE,2,48,GENERAL,Doctorate,"Rs 1,17,73,091
 ~ 1 Crore+","Rs 11,35,547
 ~ 11 Lacs+",690901,4307,695208,41.77531007,51.5689326,1664160,0Andaman & Nicobar Islands,ANDAMAN & NICOBAR ISLANDS,KULDEEP RAI SHARMA,1,INC,Hand,MALE,0,52,GENERAL,Graduate Professional,"Rs 13,22,33,012
 ~ 13 Crore+","Rs 8,04,50,870
 ~ 8 Crore+",95249,59,95308,29.92674372,45.95415578,318471,0Uttar Pradesh,AONLA,DHARMENDRA KASHYAP,1,BJP,Lotus,MALE,0,50,GENERAL,10th Pass,"Rs 2,17,66,502
 ~ 2 Crore+","Rs 33,24,300
 ~ 33 Lacs+",536377,1298,537675,30.11164283,51.06600614,1785605,0Tamil Nadu,ARAKKONAM,S. JAGATHRAKSHAKAN,1,DMK,Rising Sun,MALE,2,71,GENERAL,10th Pass,"Rs 1,14,69,84,897
 ~ 114 Crore+","Rs 16,63,65,972
 ~ 16 Crore+",666688,5502,672190,44.81218867,56.97916102,1500016,0West Bengal,ARAMBAGH,APARUPA PODDAR (AFRIN ALI),1,AITC,Flowers and Grass,FEMALE,1,33,SC,Post Graduate,"Rs 1,25,27,597
 ~ 1 Crore+","Rs 42,44,000
 ~ 42 Lacs+",649613,316,649929,36.82889015,44.13893194,1764726,0Tamil Nadu,ARANI,VISHNU PRASAD M K,1,INC,Hand,MALE,1,46,GENERAL,Graduate Professional,"Rs 23,45,64,815
 ~ 23 Crore+","Rs 3,34,09,505
 ~ 3 Crore+",613390,4370,617760,42.62912742,53.9567497,1449150,0Bihar,ARARIA,PRADEEP KUMAR SINGH,1,BJP,Lotus,MALE,3,52,GENERAL,10th Pass,"Rs 50,10,577
 ~ 50 Lacs+","Rs 11,59,200
 ~ 11 Lacs+",618004,430,618434,34.25394045,52.86931039,1805439,0West Bengal,ASANSOL,BABUL SUPRIYO,1,BJP,Lotus,MALE,4,48,GENERAL,Graduate,"Rs 5,92,34,826
 ~ 5 Crore+","Rs 57,22,184
 ~ 57 Lacs+",632727,651,633378,39.19745771,51.1551499,1615865,0Kerala,ATTINGAL,Adv. ADOOR PRAKASH,1,INC,Hand,MALE,7,63,GENERAL,Graduate Professional,"Rs 14,40,98,612
 ~ 14 Crore+","Rs 2,76,22,685
 ~ 2 Crore+",379469,1526,380995,28.20701705,37.87045946,1350710,0Bihar,AURANGABAD,SUSHIL KUMAR SINGH,1,BJP,Lotus,MALE,3,53,GENERAL,Post Graduate,"Rs 16,78,95,109
 ~ 16 Crore+","Rs 37,46,607
 ~ 37 Lacs+",426116,1605,427721,24.54100476,45.72262683,1742883,0Maharashtra,AURANGABAD,Imtiaz Jaleel Syed,1,AIMIM,Kite,MALE,4,50,GENERAL,Post Graduate,"Rs 2,95,62,768
 ~ 2 Crore+","Rs 68,00,000
 ~ 68 Lacs+",388784,258,389042,20.62478397,32.45459558,1886284,0Bihar,AURANGABAD,NARESH YADAV,1,BSP,Elephant,MALE,5,34,GENERAL,Literate,"Rs 1,26,74,177
 ~ 1 Crore+","Rs 8,24,000
 ~ 8 Lacs+",33697,75,33772,1.937708957,3.610167734,1742883,0Assam,AUTONOMOUS DISTRICT,HOREN SING BEY,1,BJP,Lotus,MALE,2,49,ST,Graduate,"Rs 2,06,93,570
 ~ 2 Crore+","Rs 59,56,209
 ~ 59 Lacs+",380183,1133,381316,47.90733028,61.71579878,795945,0Uttar Pradesh,AZAMGARH,Akhilesh Yadav,1,SP,Bicycle,MALE,0,45,GENERAL,Graduate Professional,"Rs 37,78,59,166
 ~ 37 Crore+","Rs 28,53,000
 ~ 28 Lacs+",619594,1984,621578,34.74117579,60.3593333,1789168,0Karnataka,BAGALKOT,Gaddigoudar Parvatagouda Chandanagouda,1,BJP,Lotus,MALE,0,68,GENERAL,Graduate Professional,"Rs 4,39,80,663
 ~ 4 Crore+","Rs 79,87,991
 ~ 79 Lacs+",661662,2976,664638,39.00434857,55.17032428,1704010,0West Bengal,BAHARAMPUR,ADHIR RANJAN CHOWDHURY,1,INC,Hand,MALE,7,63,GENERAL,10th Pass,"Rs 10,13,15,437
 ~ 10 Crore+","Rs 85,06,984
 ~ 85 Lacs+",589580,1526,591106,36.07873153,45.43359008,1638378,0Uttar Pradesh,BAHRAICH,AKSHAIBAR LAL,1,BJP,Lotus,MALE,0,73,SC,10th Pass,"Rs 4,56,91,463
 ~ 4 Crore+","Rs 30,28,133
 ~ 30 Lacs+",525512,470,525982,30.40520074,53.1218218,1729908,0Madhya Pradesh,BALAGHAT,DR DHAL SINGH BISEN,1,BJP,Lotus,MALE,0,66,GENERAL,Others,"Rs 8,86,48,133
 ~ 8 Crore+","Rs 15,30,693
 ~ 15 Lacs+",692859,3243,696102,39.3784101,50.70931647,1767725,0Odisha,BALASORE,PRATAP CHANDRA SARANGI,1,BJP,Lotus,MALE,7,64,GENERAL,Graduate,"Rs 13,46,236
 ~ 13 Lacs+","Rs 160
 ~ 1 Hund+",481438,2420,483858,31.58793587,41.73510271,1531781,0West Bengal,BALURGHAT,Sukanta Majumdar,1,BJP,Lotus,MALE,0,39,GENERAL,Doctorate,"Rs 58,25,866
 ~ 58 Lacs+","Rs 21,68,170
 ~ 21 Lacs+",537577,1740,539317,37.66958813,45.00920936,1431704,0Gujarat,BANASKANTHA,PARBATBHAI SAVABHAI PATEL,1,BJP,Lotus,MALE,0,70,GENERAL,Graduate Professional,"Rs 4,18,19,177
 ~ 4 Crore+","Rs 45,00,000
 ~ 45 Lacs+",675650,3458,679108,40.00909635,61.52795181,1697384,0Karnataka,BANGALORE CENTRAL,P. C. Mohan,1,BJP,Lotus,MALE,0,55,GENERAL,12th Pass,"Rs 75,55,29,306
 ~ 75 Crore+","Rs 31,25,21,957
 ~ 31 Crore+",601170,1683,602853,27.34254135,50.33477027,2204817,0Karnataka,BANGALORE NORTH,D.V. Sadananda Gowda,1,BJP,Lotus,MALE,0,66,GENERAL,Graduate Professional,"Rs 20,93,84,539
 ~ 20 Crore+","Rs 10,43,02,653
 ~ 10 Crore+",821934,2566,824500,28.93743968,52.84158931,2849250,0Karnataka,BANGALORE RURAL,D.K. SURESH,1,INC,Hand,MALE,5,52,GENERAL,12th Pass,"Rs 3,38,89,20,717
 ~ 338 Crore+","Rs 51,93,20,305
 ~ 51 Crore+",877712,546,878258,35.16607687,54.11911581,2497458,0Bihar,BANKA,GIRIDHARI YADAV,1,JD(U),Arrow,MALE,1,58,GENERAL,Post Graduate,"Rs 1,98,16,050
 ~ 1 Crore+","Rs 4,05,701
 ~ 4 Lacs+",476948,840,477788,28.11519871,47.97742655,1699394,0West Bengal,BANKURA,DR. SUBHAS SARKAR,1,BJP,Lotus,MALE,1,65,GENERAL,Graduate Professional,"Rs 1,97,99,440
 ~ 1 Crore+","Rs 32,61,495
 ~ 32 Lacs+",672202,3117,675319,40.95557903,49.19837249,1648906,0Uttar Pradesh,BANSGAON,Kamlesh Paswan,1,BJP,Lotus,MALE,5,42,SC,Graduate,"Rs 17,17,06,883
 ~ 17 Crore+","Rs 60,49,264
 ~ 60 Lacs+",544434,2239,546673,31.21601729,56.37065199,1751258,0Rajasthan,BANSWARA,KANAKMAL KATARA,1,BJP,Lotus,MALE,0,62,ST,Graduate Professional,"Rs 5,87,11,904
 ~ 5 Crore+","Rs 17,46,729
 ~ 17 Lacs+",710684,1025,711709,36.02918545,49.42049525,1975368,0Andhra Pradesh,BAPATLA,NANDIGAM SURESH,1,YSRCP,Ceiling Fan,MALE,0,42,SC,8th Pass,"Rs 41,58,610
 ~ 41 Lacs+","Rs 2,69,000
 ~ 2 Lacs+",592250,6007,598257,40.73458249,47.10692458,1468671,0Uttar Pradesh,BARABANKI,Upendra Singh Rawat,1,BJP,Lotus,MALE,1,51,SC,Post Graduate,"Rs 1,80,50,127
 ~ 1 Crore+","Rs 31,71,774
 ~ 31 Lacs+",535594,323,535917,29.49736629,46.37131525,1816830,0Maharashtra,BARAMATI,Supriya Sule,1,NCP,Clock,FEMALE,0,49,GENERAL,Graduate,"Rs 1,40,88,88,704
 ~ 140 Crore+","Rs 55,00,000
 ~ 55 Lacs+",683705,3009,686714,32.47392138,52.52845903,2114663,0Jammu & Kashmir,BARAMULLA,MOHAMMAD AKBAR LONE,1,JKN,Plough,MALE,0,71,GENERAL,Graduate Professional,"Rs 59,74,34,000
 ~ 59 Crore+","Rs 1,04,935
 ~ 1 Lacs+",132969,457,133426,10.12538153,29.26015189,1317738,0West Bengal,BARASAT,Dr. Kakoli Ghoshdastidar,1,AITC,Flowers and Grass,FEMALE,2,60,GENERAL,Post Graduate,"Rs 4,05,31,018
 ~ 4 Crore+","Rs 14,96,059
 ~ 14 Lacs+",647819,625,648444,37.73858549,46.44368906,1718252,0West Bengal,BARDHAMAN DURGAPUR,S.S AHLUWALIA,1,BJP,Lotus,MALE,0,67,GENERAL,Graduate Professional,"Rs 2,65,21,750
 ~ 2 Crore+","Rs 7,44,076
 ~ 7 Lacs+",597450,926,598376,34.51682013,41.75136706,1733578,0West Bengal,BARDHAMAN PURBA,SUNIL KUMAR MONDAL,1,AITC,Flowers and Grass,MALE,0,61,SC,Graduate Professional,"Rs 2,03,71,283
 ~ 2 Crore+","Rs 1,48,598
 ~ 1 Lacs+",640490,344,640834,37.73854021,44.51463355,1698089,0Gujarat,BARDOLI,PARBHUBHAI NAGARBHAI VASAVA,1,BJP,Lotus,MALE,0,49,ST,Others,"Rs 2,83,50,217
 ~ 2 Crore+","Rs 36,76,869
 ~ 36 Lacs+",740448,1825,742273,40.63851267,54.99764753,1826526,0Uttar Pradesh,BAREILLY,SANTOSH KUMAR GANGWAR,1,BJP,Lotus,MALE,0,70,GENERAL,Graduate Professional,"Rs 12,63,56,142
 ~ 12 Crore+","Rs 1,30,55,209
 ~ 1 Crore+",563533,1737,565270,31.44485455,52.88056758,1797655,0Assam,BARPETA,Abdul Khaleque,1,INC,Hand,MALE,0,44,GENERAL,Post Graduate,"Rs 73,98,753
 ~ 73 Lacs+","Rs 27,03,693
 ~ 27 Lacs+",643441,1732,645173,38.2858133,44.22603934,1685149,0West Bengal,BARRACKPORE,ARJUN SINGH,1,BJP,Lotus,MALE,24,57,GENERAL,10th Pass,"Rs 80,55,691
 ~ 80 Lacs+","Rs 11,00,000
 ~ 11 Lacs+",471490,1504,472994,32.92841772,42.81655003,1436431,0West Bengal,BASIRHAT,Nusrat Jahan Ruhi,1,AITC,Flowers and Grass,FEMALE,0,28,GENERAL,12th Pass,"Rs 2,90,88,391
 ~ 2 Crore+","Rs 1,68,81,608
 ~ 1 Crore+",781920,158,782078,46.59783348,54.54700164,1678357,0Chhattisgarh,BASTAR,DEEPAK BAIJ,1,INC,Hand,MALE,1,38,ST,Post Graduate,"Rs 77,21,293
 ~ 77 Lacs+","Rs 18,01,236
 ~ 18 Lacs+",401539,988,402527,29.18719301,44.05167215,1379122,0Uttar Pradesh,BASTI,HARISH CHANDRA ALIAS HARISH DWIVEDI,1,BJP,Lotus,MALE,5,45,GENERAL,Post Graduate,"Rs 86,62,344
 ~ 86 Lacs+","Rs 3,22,490
 ~ 3 Lacs+",469214,1948,471162,25.53414953,44.65139817,1845223,0Punjab,BATHINDA,Harsimrat Kaur Badal,1,SAD,Scales,FEMALE,0,52,GENERAL,10th Pass,"Rs 2,17,99,19,870
 ~ 217 Crore+","Rs 95,48,52,600
 ~ 95 Crore+",490811,2013,492824,30.38988796,40.98011547,1621671,0Maharashtra,BEED,Pritam Gopinathrao Munde,1,BJP,Lotus,FEMALE,1,36,GENERAL,Post Graduate,"Rs 46,54,000
 ~ 46 Lacs+","Rs 16,22,000
 ~ 16 Lacs+",675841,2334,678175,33.15602533,50.1074298,2045405,0Bihar,BEGUSARAI,Giriraj Singh,1,BJP,Lotus,MALE,6,66,GENERAL,Graduate,"Rs 8,30,24,577
 ~ 8 Crore+","Rs 1,22,36,000
 ~ 1 Crore+",687577,4616,692193,35.34514717,56.43630713,1958382,0Karnataka,BELGAUM,ANGADI SURESH CHANNABASAPPA,1,BJP,Lotus,MALE,0,63,GENERAL,Graduate Professional,"Rs 36,61,64,525
 ~ 36 Crore+","Rs 19,84,79,638
 ~ 19 Crore+",756986,5005,761991,42.82412117,63.12355961,1779350,0Karnataka,BELLARY,Y. DEVENDRAPPA,1,BJP,Lotus,MALE,0,67,ST,5th Pass,"Rs 4,01,07,878
 ~ 4 Crore+","Rs 2,50,000
 ~ 2 Lacs+",614274,2114,616388,35.18730584,50.4415357,1751734,0Madhya Pradesh,BETUL,DURGA DAS (D.D.) UIKEY,1,BJP,Lotus,MALE,0,55,ST,Post Graduate,"Rs 1,54,13,532
 ~ 1 Crore+","Rs 8,75,803
 ~ 8 Lacs+",810237,1011,811248,46.69222539,59.72366189,1737437,0Uttar Pradesh,BHADOHI,RAMESH CHAND,1,BJP,Lotus,MALE,6,44,GENERAL,10th Pass,"Rs 9,40,89,148
 ~ 9 Crore+","Rs 2,16,96,413
 ~ 2 Crore+",508989,1040,510029,26.25612994,49.04771109,1942514,0Odisha,BHADRAK,MANJULATA MANDAL,1,BJD,Conch,FEMALE,0,42,SC,Graduate,"Rs 3,94,17,891
 ~ 3 Crore+","Rs 89,58,149
 ~ 89 Lacs+",511772,1273,513045,30.87543127,41.77734385,1661661,0Bihar,BHAGALPUR,AJAY KUMAR MANDAL,1,JD(U),Arrow,MALE,0,41,GENERAL,8th Pass,"Rs 68,01,126
 ~ 68 Lacs+","Rs 53,64,747
 ~ 53 Lacs+",616724,1530,618254,33.89884967,59.26616832,1823820,0Maharashtra,BHANDARA - GONDIYA,Sunil Baburao Mendhe,1,BJP,Lotus,MALE,2,50,GENERAL,Others,"Rs 62,75,43,615
 ~ 62 Crore+","Rs 1,98,61,338
 ~ 1 Crore+",646152,4091,650243,35.89417054,52.16370394,1811556,0Gujarat,BHAVNAGAR,DR.BHARATIBEN DHIRUBHAI SHIYAL,1,BJP,Lotus,FEMALE,0,55,GENERAL,Graduate Professional,"Rs 1,77,53,161
 ~ 1 Crore+","Rs 36,89,036
 ~ 36 Lacs+",655272,6001,661273,37.39603698,63.32564674,1768297,0Rajasthan,BHILWARA,SUBHASH CHANDRA BAHERIA,1,BJP,Lotus,MALE,0,62,GENERAL,Graduate,"Rs 23,27,03,276
 ~ 23 Crore+","Rs 18,27,380
 ~ 18 Lacs+",936065,2095,938160,46.97075293,71.5600403,1997328,0Madhya Pradesh,BHIND,SANDHYA RAY,1,BJP,Lotus,FEMALE,0,45,SC,Post Graduate,"Rs 5,11,08,660
 ~ 5 Crore+","Rs 1,34,00,000
 ~ 1 Crore+",522990,4704,527694,29.89202043,54.81299281,1765334,0Maharashtra,BHIWANDI,KAPIL MORESHWAR PATIL,1,BJP,Lotus,MALE,0,58,GENERAL,Graduate,"Rs 41,88,50,781
 ~ 41 Crore+","Rs 56,45,459
 ~ 56 Lacs+",522032,1551,523583,27.70133855,52.06646745,1890100,0Haryana,BHIWANI-MAHENDRAGARH,Dharambir Singh S/o Bhale Ram,1,BJP,Lotus,MALE,0,64,GENERAL,Graduate,"Rs 6,06,42,205
 ~ 6 Crore+","Rs 2,40,000
 ~ 2 Lacs+",725725,10974,736699,44.53191257,63.18682638,1654317,0Telangana,BHONGIR,Komati Reddy Venkat Reddy,1,INC,Hand,MALE,14,55,GENERAL,12th Pass,"Rs 16,25,43,845
 ~ 16 Crore+","Rs 2,40,69,129
 ~ 2 Crore+",532031,764,532795,32.72630223,43.93181929,1628033,0Odisha,BHUBANESWAR,APARAJITA SARANGI,1,BJP,Lotus,FEMALE,0,49,GENERAL,Graduate,"Rs 3,16,77,600
 ~ 3 Crore+","Rs 43,29,959
 ~ 43 Lacs+",485793,1198,486991,28.65195643,48.42674797,1699678,0Karnataka,BIDAR,BHAGWANTH KHUBA,1,BJP,Lotus,MALE,1,50,GENERAL,Graduate Professional,"Rs 5,18,36,416
 ~ 5 Crore+","Rs 1,02,39,000
 ~ 1 Crore+",583833,1638,585471,32.98251643,52.35576859,1775095,0Karnataka,BIJAPUR,JIGAJINAGI RAMESH CHANDAPPA,1,BJP,Lotus,MALE,0,66,SC,Graduate,"Rs 50,41,22,985
 ~ 50 Crore+","Rs 16,00,000
 ~ 16 Lacs+",633868,1999,635867,35.3733644,57.15694391,1797587,0Uttar Pradesh,BIJNOR,MALOOK NAGAR,1,BSP,Elephant,MALE,7,53,GENERAL,Graduate,"Rs 2,49,96,28,021
 ~ 249 Crore+","Rs 1,01,61,48,176
 ~ 101 Crore+",559824,1221,561045,33.71411402,50.91309532,1664125,0Rajasthan,BIKANER (SC),ARJUN RAM MEGHWAL,1,BJP,Lotus,MALE,0,65,SC,Post Graduate,"Rs 2,35,24,459
 ~ 2 Crore+","Rs 10,60,314
 ~ 10 Lacs+",655427,2316,657743,35.52241595,59.76765107,1851628,0Chhattisgarh,BILASPUR,ARUN SAO,1,BJP,Lotus,MALE,0,51,GENERAL,Graduate Professional,"Rs 1,35,44,588
 ~ 1 Crore+","Rs 50,000
 ~ 50 Thou+",633268,1291,634559,33.80793232,52.43158294,1876953,0West Bengal,BIRBHUM,SATABDI ROY,1,AITC,Flowers and Grass,FEMALE,0,49,GENERAL,Graduate,"Rs 4,86,52,722
 ~ 4 Crore+","Rs 1,86,04,443
 ~ 1 Crore+",653426,651,654077,38.49280169,45.10539905,1699219,0West Bengal,BISHNUPUR,KHAN SAUMITRA,1,BJP,Lotus,MALE,6,38,SC,12th Pass,"Rs 86,56,777
 ~ 86 Lacs+","Rs 10,77,120
 ~ 10 Lacs+",654904,2115,657019,40.37729866,46.23016892,1627199,0Odisha,BOLANGIR,Sangeeta Kumari Singh Deo,1,BJP,Lotus,FEMALE,0,57,GENERAL,Graduate,"Rs 37,95,90,851
 ~ 37 Crore+","Rs 75,00,000
 ~ 75 Lacs+",496237,1849,498086,28.55267518,38.11657065,1744446,0Maharashtra,BULDHANA,Jadhav Prataprao Ganpatrao,1,SHS,Bow and Arrow,MALE,3,58,GENERAL,12th Pass,"Rs 11,62,72,966
 ~ 11 Crore+","Rs 7,35,482
 ~ 7 Lacs+",520537,1440,521977,29.60869422,46.5572434,1762918,0Bihar,BUXAR,Ashwini Kumar Choubey,1,BJP,Lotus,MALE,3,66,GENERAL,Graduate,"Rs 4,01,83,612
 ~ 4 Crore+","Rs 13,50,667
 ~ 13 Lacs+",468690,4363,473053,25.85875051,47.93021413,1829373,0Kerala,CHALAKUDY,BENNY BEHANAN,1,INC,Hand,MALE,4,66,GENERAL,Graduate,"Rs 2,04,61,931
 ~ 2 Crore+","Rs 9,15,938
 ~ 9 Lacs+",472935,509,473444,38.48521822,47.80171905,1230197,0Karnataka,CHAMARAJANAGAR,V. SRINIVAS PRASAD,1,BJP,Lotus,MALE,0,71,SC,Post Graduate,"Rs 14,38,04,441
 ~ 14 Crore+","Rs 3,24,909
 ~ 3 Lacs+",567010,1527,568537,33.71439686,44.7411517,1686333,0Chandigarh,CHANDIGARH,KIRRON KHER,1,BJP,Lotus,FEMALE,0,66,GENERAL,Post Graduate,"Rs 47,49,83,574
 ~ 47 Crore+","Rs 62,79,188
 ~ 62 Lacs+",230967,221,231188,35.74727591,50.62839849,646729,0Maharashtra,CHANDRAPUR,Balubhau alias Suresh Narayan Dhanorkar,1,INC,Hand,MALE,5,43,GENERAL,12th Pass,"Rs 13,74,55,342
 ~ 13 Crore+","Rs 2,27,52,880
 ~ 2 Crore+",557550,1957,559507,29.29067715,45.14024362,1910188,0Jharkhand,CHATRA,SUNIL KUMAR SINGH,1,BJP,Lotus,MALE,0,55,GENERAL,Post Graduate,"Rs 22,62,09,137
 ~ 22 Crore+","Rs 18,89,051
 ~ 18 Lacs+",526205,1872,528077,37.05236673,57.03046365,1425218,0Tamil Nadu,CHENNAI NORTH,Dr. KALANIDHI VEERASWAMY,1,DMK,Rising Sun,MALE,0,49,GENERAL,Post Graduate,"Rs 40,52,94,714
 ~ 40 Crore+","Rs 25,83,86,550
 ~ 25 Crore+",589034,1952,590986,39.72531746,61.82308137,1487681,0Tamil Nadu,CHENNAI SOUTH,T.SUMATHY (A) THAMIZHACHI THANGAPANDIAN,1,DMK,Rising Sun,FEMALE,0,56,GENERAL,Doctorate,"Rs 9,17,93,460
 ~ 9 Crore+","Rs 5,00,000
 ~ 5 Lacs+",563240,1632,564872,28.62237419,50.15106438,1973533,0Telangana,CHEVELLA,Dr. G. Ranjith Reddy,1,TRS,Car,MALE,0,54,GENERAL,Post Graduate,"Rs 1,63,46,95,131
 ~ 163 Crore+","Rs 19,70,07,553
 ~ 19 Crore+",527878,270,528148,21.61783823,40.5956043,2443112,0Madhya Pradesh,CHHINDWARA,NAKUL KAMAL NATH,1,INC,Hand,MALE,0,44,GENERAL,Graduate,"Rs 6,60,19,46,757
 ~ 660 Crore+","Rs 87,91,712
 ~ 87 Lacs+",586551,754,587305,38.77156002,47.04167795,1514783,0Tamil Nadu,CHIDAMBARAM,THIRUMAAVALAVAN THOL,1,VCK,Pot,MALE,3,56,SC,Doctorate,"Rs 92,44,092
 ~ 92 Lacs+","Rs 3,94,248
 ~ 3 Lacs+",498401,1828,500229,33.79418763,43.33774887,1480222,0Karnataka,CHIKKODI,ANNASAHEB SHANKAR JOLLE,1,BJP,Lotus,MALE,0,55,GENERAL,12th Pass,"Rs 34,49,22,831
 ~ 34 Crore+","Rs 19,55,95,693
 ~ 19 Crore+",641232,3785,645017,39.99966513,52.89266025,1612556,0Andhra Pradesh,CHITTOOR,N. REDDEPPA,1,YSRCP,Ceiling Fan,MALE,0,68,SC,Post Graduate,"Rs 1,73,55,862
 ~ 1 Crore+","Rs 13,41,542
 ~ 13 Lacs+",681325,5467,686792,43.84247931,52.04408795,1566499,0Rajasthan,CHITTORGARH,Chandra Prakash Joshi,1,BJP,Lotus,MALE,0,43,GENERAL,Graduate,"Rs 1,97,25,115
 ~ 1 Crore+","Rs 1,00,000
 ~ 1 Lacs+",979946,2996,982942,48.75919621,67.35865839,2015911,0Rajasthan,CHURU,RAHUL KASWAN,1,BJP,Lotus,MALE,0,42,GENERAL,Graduate,"Rs 3,67,23,865
 ~ 3 Crore+","Rs 1,51,63,379
 ~ 1 Crore+",786573,6426,792999,39.27479714,59.59387437,2019104,0Tamil Nadu,COIMBATORE,NATARAJAN. P.R,1,CPI(M),"Hammer, Sickle and Star",MALE,1,68,GENERAL,12th Pass,"Rs 2,02,84,430
 ~ 2 Crore+","Rs 32,34,168
 ~ 32 Lacs+",567741,3409,571150,29.15661002,45.65806692,1958904,0Tamil Nadu,CUDDALORE,T. R. V .S. RAMESH,1,DMK,Rising Sun,MALE,0,48,GENERAL,Graduate Professional,"Rs 42,33,78,552
 ~ 42 Crore+","Rs 10,28,28,604
 ~ 10 Crore+",519594,2566,522160,38.28045846,50.04504591,1364038,0Dadra & Nagar Haveli,DADRA AND NAGAR HAVELI,DELKAR MOHANBHAI SANJIBHAI,1,IND,Batsman,MALE,0,56,ST,Graduate,"Rs 70,88,85,980
 ~ 70 Crore+","Rs 3,72,68,162
 ~ 3 Crore+",90399,22,90421,36.16420495,45.44134202,250029,0Karnataka,DAKSHINA KANNADA,NALIN KUMAR KATEEL,1,BJP,Lotus,MALE,4,52,GENERAL,10th Pass,"Rs 1,46,78,300
 ~ 1 Crore+","Rs 44,50,945
 ~ 44 Lacs+",772754,1531,774285,44.88671147,57.5528098,1724976,0Daman & Diu,DAMAN & DIU,LALUBHAI BABUBHAI PATEL,1,BJP,Lotus,MALE,0,63,GENERAL,8th Pass,"Rs 21,39,93,750
 ~ 21 Crore+","Rs 99,69,514
 ~ 99 Lacs+",37586,11,37597,30.88302941,42.98126279,121740,0Madhya Pradesh,DAMOH,PRAHALAD SINGH PATEL,1,BJP,Lotus,MALE,0,59,GENERAL,Graduate Professional,"Rs 4,32,92,483
 ~ 4 Crore+","Rs 42,30,614
 ~ 42 Lacs+",704221,303,704524,39.83113756,60.50506482,1768777,0Bihar,DARBHANGA,Gopal Jee Thakur,1,BJP,Lotus,MALE,0,49,GENERAL,Post Graduate,"Rs 1,93,01,808
 ~ 1 Crore+","Rs 10,39,660
 ~ 10 Lacs+",585013,1655,586668,35.45226615,60.76249858,1654811,0West Bengal,DARJEELING,RAJU BISTA,1,BJP,Lotus,MALE,0,33,GENERAL,Graduate,"Rs 15,11,06,062
 ~ 15 Crore+","Rs 2,74,28,941
 ~ 2 Crore+",744657,5410,750067,46.549934,59.07593021,1611317,0Rajasthan,DAUSA,Jaskaur Meena,1,BJP,Lotus,FEMALE,0,71,ST,Post Graduate,"Rs 14,37,42,564
 ~ 14 Crore+","Rs 58,25,431
 ~ 58 Lacs+",545481,3252,548733,31.71337274,51.56886995,1730289,0Karnataka,DAVANAGERE,G M SIDDESHWAR,1,BJP,Lotus,MALE,0,67,GENERAL,10th Pass,"Rs 38,01,64,932
 ~ 38 Crore+","Rs 1,46,70,809
 ~ 1 Crore+",651353,1643,652996,39.98594054,54.63373005,1633064,0Uttar Pradesh,DEORIA,RAMAPATI RAM TRIPATHI,1,BJP,Lotus,MALE,1,69,GENERAL,Graduate Professional,"Rs 2,94,51,678
 ~ 2 Crore+","Rs 93,10,684
 ~ 93 Lacs+",577617,3027,580644,33.10031097,57.17273404,1754195,0Madhya Pradesh,DEWAS,MAHENDRA SINGH SOLANKY,1,BJP,Lotus,MALE,0,35,SC,Graduate Professional,"Rs 38,12,464
 ~ 38 Lacs+","Rs 18,32,631
 ~ 18 Lacs+",860708,1721,862429,48.98764728,61.61545078,1760503,0Madhya Pradesh,DHAR,CHATTARSINGH DARBAR,1,BJP,Lotus,MALE,1,65,ST,Post Graduate,"Rs 2,31,98,238
 ~ 2 Crore+","Rs 24,71,613
 ~ 24 Lacs+",721025,1122,722147,40.43034435,53.72422023,1786151,0Tamil Nadu,DHARMAPURI,DNV SENTHILKUMAR. S.,1,DMK,Rising Sun,MALE,1,41,GENERAL,Post Graduate,"Rs 4,84,77,451
 ~ 4 Crore+","Rs 60,53,502
 ~ 60 Lacs+",568310,6678,574988,38.69877857,46.95830424,1485804,0Karnataka,DHARWAD,Pralhad Joshi,1,BJP,Lotus,MALE,1,56,GENERAL,Graduate,"Rs 11,13,84,447
 ~ 11 Crore+","Rs 5,17,36,254
 ~ 5 Crore+",682557,2280,684837,39.64757939,56.4052027,1727311,0Uttar Pradesh,DHAURAHRA,REKHA VERMA,1,BJP,Lotus,FEMALE,3,45,GENERAL,12th Pass,"Rs 2,47,35,488
 ~ 2 Crore+","Rs 70,95,916
 ~ 70 Lacs+",512582,323,512905,31.18581555,48.20748661,1644674,0Assam,DHUBRI,BADRUDDIN AJMAL,1,AIUDF,Lock and Key,MALE,7,63,GENERAL,Post Graduate,"Rs 78,80,64,044
 ~ 78 Crore+","Rs 1,01,59,381
 ~ 1 Crore+",718131,633,718764,38.67304147,42.65514896,1858566,0Maharashtra,DHULE,Bhamre Subhash Ramrao,1,BJP,Lotus,MALE,2,66,GENERAL,Post Graduate,"Rs 15,86,51,112
 ~ 15 Crore+","Rs 10,00,000
 ~ 10 Lacs+",610268,3265,613533,32.15290228,56.36095898,1908173,0Tamil Nadu,DINDIGUL,"VELUSAMY, P.",1,DMK,Rising Sun,MALE,0,52,GENERAL,Illiterate,"Rs 14,80,76,407
 ~ 14 Crore+","Rs 3,14,74,526
 ~ 3 Crore+",743813,2710,746523,48.41638233,64.30382167,1541881,0Maharashtra,DINDORI,Dr. Bharati Pravin Pawar,1,BJP,Lotus,FEMALE,0,40,ST,Graduate Professional,"Rs 12,28,85,349
 ~ 12 Crore+","Rs 14,49,572
 ~ 14 Lacs+",565452,2018,567470,32.74616027,49.83481192,1732936,0Uttar Pradesh,DOMARIYAGANJ,JAGDAMBIKA PAL,1,BJP,Lotus,MALE,3,68,GENERAL,Post Graduate,"Rs 10,33,66,710
 ~ 10 Crore+","Rs 28,38,478
 ~ 28 Lacs+",492145,108,492253,26.10822023,49.9581866,1885433,0Jharkhand,DUMKA,SUNIL SOREN,1,BJP,Lotus,MALE,0,39,ST,12th Pass,"Rs 47,37,559
 ~ 47 Lacs+","Rs 6,85,516
 ~ 6 Lacs+",483748,1175,484923,34.7054542,47.26432556,1397253,0Chhattisgarh,DURG,VIJAY BAGHEL,1,BJP,Lotus,MALE,0,59,GENERAL,Graduate,"Rs 3,44,29,027
 ~ 3 Crore+","Rs 87,48,686
 ~ 87 Lacs+",847445,1929,849374,43.77609496,60.98674607,1940269,0NCT OF Delhi,EAST DELHI,GAUTAM GAMBHIR,1,BJP,Lotus,MALE,1,37,GENERAL,12th Pass,"Rs 1,47,15,87,789
 ~ 147 Crore+","Rs 34,20,35,860
 ~ 34 Crore+",695109,1047,696156,34.13697432,55.32973824,2039302,0Andhra Pradesh,ELURU,KOTAGIRI SRIDHAR,1,YSRCP,Ceiling Fan,MALE,0,46,GENERAL,Graduate,"Rs 46,28,08,829
 ~ 46 Crore+","Rs 3,35,60,974
 ~ 3 Crore+",672834,3975,676809,42.43449638,50.80347693,1594950,0Kerala,ERNAKULAM,HIBI EDEN,1,INC,Hand,MALE,7,35,GENERAL,Graduate,"Rs 79,08,467
 ~ 79 Lacs+","Rs 2,00,000
 ~ 2 Lacs+",490854,409,491263,39.42809309,50.78231117,1245972,0Tamil Nadu,ERODE,GANESHAMURTHI A,1,DMK,Rising Sun,MALE,0,72,GENERAL,Graduate,"Rs 4,31,10,000
 ~ 4 Crore+","Rs 20,60,000
 ~ 20 Lacs+",558929,4662,563591,38.54283069,52.72118039,1462246,0Uttar Pradesh,ETAH,Rajveer Singh (Raju Bhaiya),1,BJP,Lotus,MALE,0,58,GENERAL,Graduate Professional,"Rs 38,36,29,735
 ~ 38 Crore+","Rs 10,02,20,000
 ~ 10 Crore+",544267,1081,545348,33.6365683,54.51561051,1621295,0Uttar Pradesh,FAIZABAD,LALLU SINGH,1,BJP,Lotus,MALE,1,64,GENERAL,Post Graduate,"Rs 3,18,84,642
 ~ 3 Crore+","Rs 1,12,76,478
 ~ 1 Crore+",528113,908,529021,29.03860774,48.64918799,1821785,0Haryana,FARIDABAD,KRISHAN PAL,1,BJP,Lotus,MALE,0,62,GENERAL,Graduate Professional,"Rs 36,96,52,786
 ~ 36 Crore+","Rs 10,55,93,242
 ~ 10 Crore+",910787,2435,913222,44.07833514,68.76014116,2071816,0Punjab,FARIDKOT,Mohammad Sadique,1,INC,Hand,MALE,0,78,SC,5th Pass,"Rs 1,97,93,884
 ~ 1 Crore+","Rs 3,11,043
 ~ 3 Lacs+",417936,1129,419065,27.17722966,42.97036018,1541971,0Uttar Pradesh,FARRUKHABAD,Mukesh Rajput,1,BJP,Lotus,MALE,0,50,GENERAL,Graduate,"Rs 7,49,64,501
 ~ 7 Crore+","Rs 3,88,246
 ~ 3 Lacs+",567930,1950,569880,33.35391567,56.80389856,1708585,0Uttar Pradesh,FATEHPUR,NIRANJAN JYOTI,1,BJP,Lotus,FEMALE,0,52,GENERAL,12th Pass,"Rs 1,06,67,372
 ~ 1 Crore+","Rs 9,10,148
 ~ 9 Lacs+",563715,2325,566040,30.77455048,54.1930073,1839312,0Uttar Pradesh,FATEHPUR SIKRI,RAJKUMAR CHAHAR,1,BJP,Lotus,MALE,3,52,GENERAL,Graduate,"Rs 1,48,54,247
 ~ 1 Crore+","Rs 3,56,404
 ~ 3 Lacs+",662794,4353,667147,38.81386077,64.24388036,1718837,0Punjab,FIROZPUR,SUKHBIR SINGH BADAL,1,SAD,Scales,MALE,4,56,GENERAL,Post Graduate,"Rs 2,17,99,19,870
 ~ 217 Crore+","Rs 95,48,52,600
 ~ 95 Crore+",631100,2327,633427,39.1386285,54.00975954,1618419,0Maharashtra,GADCHIROLI-CHIMUR,ASHOK MAHADEORAO NETE,1,BJP,Lotus,MALE,0,55,ST,12th Pass,"Rs 5,01,36,369
 ~ 5 Crore+","Rs 1,56,82,840
 ~ 1 Crore+",517722,2246,519968,32.88093964,45.46231904,1581366,0Gujarat,GANDHINAGAR,AMIT SHAH,1,BJP,Lotus,MALE,4,54,GENERAL,12th Pass,"Rs 40,32,75,307
 ~ 40 Crore+","Rs 47,69,587
 ~ 47 Lacs+",889925,4699,894624,45.97784324,69.5758213,1945772,0Rajasthan,GANGANAGAR,NIHAL CHAND,1,BJP,Lotus,MALE,0,48,SC,Graduate,"Rs 2,10,14,362
 ~ 2 Crore+","Rs 36,31,287
 ~ 36 Lacs+",892744,4433,897177,46.16328597,61.74291249,1943486,0Uttarakhand,GARHWAL,Tirath Singh Rawat,1,BJP,Lotus,MALE,0,55,GENERAL,Post Graduate,"Rs 1,50,32,657
 ~ 1 Crore+","Rs 35,00,000
 ~ 35 Lacs+",487613,19367,506980,37.39353118,67.77608145,1355796,0Assam,GAUHATI,QUEEN OJA,1,BJP,Lotus,FEMALE,0,67,GENERAL,Graduate,"Rs 63,02,19,570
 ~ 63 Crore+","Rs 3,40,34,178
 ~ 3 Crore+",1007156,1780,1008936,46.25348241,57.19753961,2181319,0Uttar Pradesh,GAUTAM BUDDHA NAGAR,Dr. MAHESH SHARMA,1,BJP,Lotus,MALE,0,59,GENERAL,Graduate Professional,"Rs 47,87,59,568
 ~ 47 Crore+","Rs 4,38,63,749
 ~ 4 Crore+",828164,2648,830812,36.07583284,59.63588754,2302960,0Bihar,GAYA (SC),Vijay Kumar,1,JD(U),Arrow,MALE,3,55,SC,12th Pass,"Rs 1,27,66,141
 ~ 1 Crore+","Rs 31,48,932
 ~ 31 Lacs+",465748,1259,467007,27.39693159,48.76573376,1704596,0West Bengal,GHATAL,ADHIKARI DEEPAK (DEV),1,AITC,Flowers and Grass,MALE,0,36,GENERAL,Others,"Rs 31,73,20,579
 ~ 31 Crore+","Rs 78,79,681
 ~ 78 Lacs+",717407,552,717959,39.88656679,48.20658574,1800002,0Uttar Pradesh,GHOSI,ATUL KUMAR SINGH,1,BSP,Elephant,MALE,13,36,GENERAL,Graduate,"Rs 6,65,36,025
 ~ 6 Crore+","Rs 34,54,591
 ~ 34 Lacs+",572459,1370,573829,28.81172454,50.27061359,1991651,0Jharkhand,GIRIDIH,Chandra Prakash Choudhary,1,AJSUP,Banana,MALE,2,50,GENERAL,Graduate,"Rs 1,34,56,889
 ~ 1 Crore+","Rs 13,30,000
 ~ 13 Lacs+",646864,1413,648277,39.30349767,58.55335653,1649413,0Uttar Pradesh,GONDA,KIRTI VARDHAN SINGH ALIAS RAJA BHAIYA,1,BJP,Lotus,MALE,0,53,GENERAL,Post Graduate,"Rs 23,27,35,285
 ~ 23 Crore+","Rs 2,32,01,603
 ~ 2 Crore+",507276,914,508190,28.70727717,54.99159744,1770248,0Bihar,GOPALGANJ (SC),DR. ALOK KUMAR SUMAN,1,JD(U),Arrow,MALE,0,61,SC,Post Graduate,"Rs 3,27,39,903
 ~ 3 Crore+","Rs 35,76,376
 ~ 35 Lacs+",562424,5726,568150,30.88587529,55.3722214,1839514,0Uttar Pradesh,GORAKHPUR,Ravindra Shyamnarayan Shukla alias Ravi Kishan,1,BJP,Lotus,MALE,0,51,GENERAL,12th Pass,"Rs 20,84,94,688
 ~ 20 Crore+","Rs 1,77,11,043
 ~ 1 Crore+",715010,2112,717122,36.19640046,60.52045488,1981197,0Madhya Pradesh,GUNA,"KRISHNA PAL SINGH ""Dr. K. P. YADAV""",1,BJP,Lotus,MALE,0,43,GENERAL,Graduate Professional,"Rs 1,62,66,408
 ~ 1 Crore+","Rs 4,94,053
 ~ 4 Lacs+",610855,3194,614049,36.64380292,52.09513475,1675724,0Andhra Pradesh,GUNTUR,Jayadev Galla,1,TDP,Bicycle,MALE,0,53,GENERAL,Graduate,"Rs 3,05,14,85,242
 ~ 305 Crore+","Rs 20,34,52,417
 ~ 20 Crore+",586292,1626,587918,34.45937827,43.50027783,1706119,0Punjab,GURDASPUR,SUNNY DEOL,1,BJP,Lotus,MALE,0,59,GENERAL,Others,"Rs 87,19,25,679
 ~ 87 Crore+","Rs 53,46,44,785
 ~ 53 Crore+",551177,7542,558719,35.02316829,50.58358819,1595284,0Haryana,GURGAON,RAO INDERJIT SINGH,1,BJP,Lotus,MALE,0,69,GENERAL,Graduate Professional,"Rs 42,09,70,754
 ~ 42 Crore+","Rs 3,15,00,000
 ~ 3 Crore+",877241,4305,881546,40.98826072,60.87600243,2150728,0Bihar,HAJIPUR (SC),PASHU PATI KUMAR PARAS,1,LJP,Bungalow,MALE,1,66,SC,Graduate Professional,"Rs 6,28,34,200
 ~ 6 Crore+","Rs 67,44,375
 ~ 67 Lacs+",539665,1645,541310,29.68255117,53.71844236,1823664,0Himachal Pradesh,HAMIRPUR,ANURAG SINGH THAKUR,1,BJP,Lotus,MALE,3,44,GENERAL,Graduate,"Rs 5,67,70,463
 ~ 5 Crore+","Rs 10,85,145
 ~ 10 Lacs+",668812,13880,682692,50.11433131,68.81372299,1362269,0Uttar Pradesh,HAMIRPUR,KUNWAR PUSHPENDRA SINGH CHANDEL,1,BJP,Lotus,MALE,4,45,GENERAL,Post Graduate,"Rs 16,71,59,924
 ~ 16 Crore+","Rs 3,55,02,582
 ~ 3 Crore+",574101,1021,575122,32.88102453,52.76208248,1749100,0Uttar Pradesh,HARDOI,Jai Prakash,1,BJP,Lotus,MALE,0,61,SC,Graduate,"Rs 23,40,32,624
 ~ 23 Crore+","Rs 26,15,368
 ~ 26 Lacs+",567244,899,568143,31.43915813,53.70748322,1807119,0Uttarakhand,HARDWAR,Ramesh Pokhriyal 'Nishank',1,BJP,Lotus,MALE,0,59,GENERAL,Doctorate,"Rs 2,87,39,888
 ~ 2 Crore+","Rs 16,444
 ~ 16 Thou+",661050,4624,665674,36.1634301,52.27561326,1840738,0Karnataka,HASSAN,PRAJWAL REVANNA,1,JD(S),A lady farmer carrying paddy on her head,MALE,0,28,GENERAL,Graduate Professional,"Rs 9,78,48,632
 ~ 9 Crore+","Rs 3,72,53,210
 ~ 3 Crore+",675512,1094,676606,40.93202718,52.91552908,1652999,0Maharashtra,HATKANANGLE,Dhairyasheel Sambhajirao Mane,1,SHS,Bow and Arrow,MALE,0,38,GENERAL,Graduate,"Rs 4,77,71,462
 ~ 4 Crore+","Rs 4,15,99,959
 ~ 4 Crore+",582776,3000,585776,32.97257895,46.70094307,1776555,0Karnataka,HAVERI,UDASI. S.C.,1,BJP,Lotus,MALE,0,52,GENERAL,12th Pass,"Rs 71,84,99,195
 ~ 71 Crore+","Rs 16,55,66,495
 ~ 16 Crore+",681147,2513,683660,40.01498382,53.92116654,1708510,0Jharkhand,HAZARIBAGH,JAYANT SINHA,1,BJP,Lotus,MALE,0,55,GENERAL,Post Graduate,"Rs 77,07,49,002
 ~ 77 Crore+","Rs 19,32,71,437
 ~ 19 Crore+",727359,1439,728798,43.70694437,67.39505559,1667465,0Andhra Pradesh,HINDUPUR,KURUVA GORANTLA MADHAV,1,YSRCP,Ceiling Fan,MALE,2,50,GENERAL,Graduate,"Rs 17,87,356
 ~ 17 Lacs+","Rs 7,30,332
 ~ 7 Lacs+",699739,6863,706602,44.77214174,52.73043006,1578218,0Maharashtra,HINGOLI,Hemant Patil,1,SHS,Bow and Arrow,MALE,0,48,GENERAL,Graduate,"Rs 1,85,94,458
 ~ 1 Crore+","Rs 12,99,983
 ~ 12 Lacs+",583392,2920,586312,33.81797271,50.59792003,1733729,0Haryana,HISAR,BRIJENDRA SINGH,1,BJP,Lotus,MALE,0,46,GENERAL,Post Graduate,"Rs 14,64,08,734
 ~ 14 Crore+","Rs 2,72,25,637
 ~ 2 Crore+",599951,3338,603289,36.97038332,51.04494711,1631817,0Madhya Pradesh,HOSHANGABAD,UDAY PRATAP SINGH,1,BJP,Lotus,MALE,1,54,GENERAL,Graduate,"Rs 15,47,83,105
 ~ 15 Crore+","Rs 91,03,300
 ~ 91 Lacs+",876911,1016,877927,51.45688428,69.32987655,1706141,0Telangana,HYDERABAD,ASADUDDIN OWAISI,1,AIMIM,Kite,MALE,5,49,GENERAL,Graduate Professional,"Rs 17,90,44,376
 ~ 17 Crore+","Rs 12,05,00,000
 ~ 12 Crore+",517239,232,517471,26.42948092,58.94143228,1957931,0Kerala,IDUKKI,Adv. DEAN KURIAKOSE,1,INC,Hand,MALE,204,37,GENERAL,Post Graduate,"Rs 1,33,95,011
 ~ 1 Crore+","Rs 1,00,00,000
 ~ 1 Crore+",497697,796,498493,41.39650604,54.21000719,1204191,0Madhya Pradesh,INDORE,SHANKAR LALWANI,1,BJP,Lotus,MALE,2,57,GENERAL,Graduate Professional,"Rs 5,90,38,508
 ~ 5 Crore+","Rs 21,06,382
 ~ 21 Lacs+",1066824,1745,1068569,45.45980141,65.57267296,2350580,0Madhya Pradesh,JABALPUR,RAKESH SINGH,1,BJP,Lotus,MALE,1,56,GENERAL,Graduate,"Rs 4,31,34,351
 ~ 4 Crore+","Rs 13,87,000
 ~ 13 Lacs+",825674,780,826454,45.41223028,65.38091546,1819893,0West Bengal,JADAVPUR,MIMI CHAKRABORTY,1,AITC,Flowers and Grass,FEMALE,0,30,GENERAL,Graduate,"Rs 2,43,98,786
 ~ 2 Crore+","Rs 19,00,788
 ~ 19 Lacs+",687773,699,688472,37.89357115,47.90093531,1816857,0Odisha,JAGATSINGHPUR,RAJASHREE MALLICK,1,BJD,Conch,FEMALE,0,54,SC,Graduate Professional,"Rs 4,00,23,972
 ~ 4 Crore+","Rs 14,33,305
 ~ 14 Lacs+",618955,1030,619985,37.72127562,50.41237507,1643595,0Rajasthan,JAIPUR,Ramcharan Bohra,1,BJP,Lotus,MALE,0,61,GENERAL,12th Pass,"Rs 16,53,22,707
 ~ 16 Crore+","Rs 2,20,00,000
 ~ 2 Crore+",918472,5593,924065,43.44409388,63.44395423,2127021,0Punjab,JALANDHAR,Santokh Singh Chaudhary,1,INC,Hand,MALE,0,72,SC,Graduate Professional,"Rs 9,99,25,185
 ~ 9 Crore+","Rs 25,34,363
 ~ 25 Lacs+",385449,263,385712,23.85329044,37.83704776,1617018,0Uttar Pradesh,JALAUN,BHANU PRATAP SINGH VERMA,1,BJP,Lotus,MALE,1,60,SC,Post Graduate,"Rs 1,06,99,516
 ~ 1 Crore+","Rs 12,265
 ~ 12 Thou+",579723,2040,581763,30.09080574,51.44948556,1933358,0Maharashtra,JALGAON,Unmesh Bhaiyyasaheb Patil,1,BJP,Lotus,MALE,1,40,GENERAL,Graduate Professional,"Rs 1,23,24,604
 ~ 1 Crore+","Rs 25,29,954
 ~ 25 Lacs+",709510,4364,713874,36.96147872,65.35590005,1931400,0Rajasthan,JALORE,Devaji Patel,1,BJP,Lotus,MALE,0,42,GENERAL,10th Pass,"Rs 8,83,32,292
 ~ 8 Crore+","Rs 6,09,36,530
 ~ 6 Crore+",772383,450,772833,37.31250398,56.75805489,2071244,0West Bengal,JALPAIGURI,Dr. JAYANTA KUMAR ROY,1,BJP,Lotus,MALE,0,51,SC,Graduate Professional,"Rs 1,16,25,047
 ~ 1 Crore+","Rs 13,52,581
 ~ 13 Lacs+",757806,2339,760145,43.80067809,50.62978768,1735464,0Jammu & Kashmir,JAMMU,Jugal Kishore,1,BJP,Lotus,MALE,0,56,GENERAL,10th Pass,"Rs 5,64,81,801
 ~ 5 Crore+","Rs 35,00,40,219
 ~ 35 Crore+",840214,17852,858066,41.91203838,57.80608426,2047302,0Gujarat,JAMNAGAR,POONAMBEN HEMATBHAI MAADAM,1,BJP,Lotus,FEMALE,0,44,GENERAL,Graduate,"Rs 42,73,31,034
 ~ 42 Crore+","Rs 9,86,32,194
 ~ 9 Crore+",587501,4087,591588,35.69877731,58.48915763,1657166,0Jharkhand,JAMSHEDPUR,Bidyut Baran Mahato,1,BJP,Lotus,MALE,3,56,GENERAL,12th Pass,"Rs 2,77,50,671
 ~ 2 Crore+","Rs 29,61,830
 ~ 29 Lacs+",678984,648,679632,39.9013902,59.3862256,1703279,0West Bengal,JANGIPUR,KHALILUR RAHAMAN,1,AITC,Flowers and Grass,MALE,0,58,GENERAL,Graduate,"Rs 36,83,06,705
 ~ 36 Crore+","Rs 22,48,968
 ~ 22 Lacs+",562518,320,562838,34.82449405,43.14161344,1616213,0Uttar Pradesh,JAUNPUR,SHYAM SINGH YADAV,1,BSP,Elephant,MALE,0,65,GENERAL,Post Graduate,"Rs 14,07,17,620
 ~ 14 Crore+","Rs 35,77,000
 ~ 35 Lacs+",520046,1082,521128,27.89800297,50.02030076,1867976,0Rajasthan,JHALAWAR-BARAN,DUSHYANT SINGH,1,BJP,Lotus,MALE,0,48,GENERAL,Post Graduate,"Rs 37,04,32,373
 ~ 37 Crore+","Rs 8,58,24,156
 ~ 8 Crore+",887017,383,887400,46.61032528,64.77291888,1903870,0Bihar,JHANJHARPUR,Ramprit Mandal,1,JD(U),Arrow,MALE,1,63,GENERAL,10th Pass,"Rs 8,81,19,686
 ~ 8 Crore+","Rs 10,00,000
 ~ 10 Lacs+",601597,794,602391,32.51918979,56.70144043,1852417,0Uttar Pradesh,JHANSI,Anurag Sharma,1,BJP,Lotus,MALE,0,54,GENERAL,Post Graduate,"Rs 1,24,30,60,113
 ~ 124 Crore+","Rs 1,42,12,970
 ~ 1 Crore+",808371,901,809272,39.65583056,58.59491865,2040739,0West Bengal,JHARGRAM,Kunar Hembram,1,BJP,Lotus,MALE,0,56,ST,Graduate Professional,"Rs 1,03,87,498
 ~ 1 Crore+","Rs 5,65,000
 ~ 5 Lacs+",623373,3210,626583,38.16281211,44.52595203,1641868,0Rajasthan,JHUNJHUNU,NARENDRA KUMAR,1,BJP,Lotus,MALE,1,58,GENERAL,Graduate,"Rs 4,74,74,109
 ~ 4 Crore+","Rs 32,78,401
 ~ 32 Lacs+",722994,15169,738163,38.09122537,61.32439757,1937882,0Rajasthan,JODHPUR,Gajendra Singh Shekhawat,1,BJP,Lotus,MALE,1,51,GENERAL,Post Graduate,"Rs 13,80,29,511
 ~ 13 Crore+","Rs 5,85,73,744
 ~ 5 Crore+",781166,7722,788888,40.31613564,58.52575759,1956755,0Assam,JORHAT,TOPON KUMAR GOGOI,1,BJP,Lotus,MALE,0,50,GENERAL,Post Graduate,"Rs 1,25,97,461
 ~ 1 Crore+","Rs 4,55,398
 ~ 4 Lacs+",540942,2346,543288,39.80029816,51.31070437,1365035,0Gujarat,JUNAGADH,CHUDASAMA RAJESHBHAI NARANBHAI,1,BJP,Lotus,MALE,1,36,GENERAL,12th Pass,"Rs 1,08,66,041
 ~ 1 Crore+","Rs 14,81,768
 ~ 14 Lacs+",543429,4315,547744,33.34079997,54.38003598,1642864,0Gujarat,KACHCHH,CHAVDA VINOD LAKHAMSHI,1,BJP,Lotus,MALE,0,40,SC,Post Graduate,"Rs 3,35,08,455
 ~ 3 Crore+","Rs 1,24,58,607
 ~ 1 Crore+",631753,5281,637034,36.52045696,62.20111858,1744321,0Andhra Pradesh,KADAPA,Y.S.Avinash Reddy,1,YSRCP,Ceiling Fan,MALE,4,34,GENERAL,Post Graduate,"Rs 18,69,69,794
 ~ 18 Crore+","Rs 2,28,33,319
 ~ 2 Crore+",777967,5532,783499,49.89390765,63.41312795,1570330,0Uttar Pradesh,KAIRANA,Pradeep Kumar,1,BJP,Lotus,MALE,5,48,GENERAL,Post Graduate,"Rs 1,72,92,937
 ~ 1 Crore+","Rs 13,00,000
 ~ 13 Lacs+",564380,2581,566961,34.01691843,50.43181319,1666703,0Uttar Pradesh,KAISERGANJ,Brijbhusan Sharan Singh,1,BJP,Lotus,MALE,4,62,GENERAL,Graduate Professional,"Rs 9,89,05,402
 ~ 9 Crore+","Rs 6,15,24,736
 ~ 6 Crore+",580226,1132,581358,32.19132798,59.1819595,1805946,0Andhra Pradesh,KAKINADA,VANGA GEETHAVISWANATH,1,YSRCP,Ceiling Fan,FEMALE,0,55,GENERAL,Post Graduate,"Rs 20,25,28,594
 ~ 20 Crore+","Rs 3,44,16,887
 ~ 3 Crore+",534655,2975,537630,34.3768583,43.46894521,1563930,0Assam,KALIABOR,Gaurav Gogoi,1,INC,Hand,MALE,0,36,GENERAL,Post Graduate,"Rs 1,37,27,834
 ~ 1 Crore+","Rs 12,50,000
 ~ 12 Lacs+",785014,1078,786092,45.30951538,55.17228794,1734938,0Tamil Nadu,KALLAKURICHI,Gautham Sigamani Pon,1,DMK,Rising Sun,MALE,1,44,GENERAL,Post Graduate,"Rs 47,11,86,830
 ~ 47 Crore+","Rs 8,11,31,909
 ~ 8 Crore+",716961,4752,721713,47.20354913,59.89642595,1528938,0Maharashtra,KALYAN,Dr. SHRIKANT EKNATH SHINDE,1,SHS,Bow and Arrow,MALE,1,32,GENERAL,Post Graduate,"Rs 1,96,16,515
 ~ 1 Crore+","Rs 12,41,233
 ~ 12 Lacs+",558023,1700,559723,28.47483512,62.84136379,1965676,0Himachal Pradesh,KANGRA,Kishan Kapoor,1,BJP,Lotus,MALE,2,67,ST,12th Pass,"Rs 8,58,41,247
 ~ 8 Crore+","Rs 36,05,161
 ~ 36 Lacs+",712133,13085,725218,50.8091286,71.83534148,1427338,0Chhattisgarh,KANKER,MOHAN MANDAVI,1,BJP,Lotus,MALE,0,61,ST,Post Graduate,"Rs 2,86,75,553
 ~ 2 Crore+","Rs 6,79,000
 ~ 6 Lacs+",543376,2857,546233,35.03847456,47.07918945,1558952,0Uttar Pradesh,KANNAUJ,SUBRAT PATHAK,1,BJP,Lotus,MALE,11,39,GENERAL,Graduate,"Rs 5,42,87,991
 ~ 5 Crore+","Rs 2,89,93,930
 ~ 2 Crore+",561286,1801,563087,30.03412587,49.35095553,1874824,0Tamil Nadu,KANNIYAKUMARI,Vasanthakumar. H,1,INC,Hand,MALE,0,68,GENERAL,Post Graduate,"Rs 4,17,49,30,444
 ~ 417 Crore+","Rs 1,54,75,11,439
 ~ 154 Crore+",624627,2608,627235,41.78084929,59.76928362,1501250,0Kerala,KANNUR,K. SUDHAKARAN,1,INC,Hand,MALE,3,70,GENERAL,Post Graduate,"Rs 2,96,99,206
 ~ 2 Crore+","Rs 74,68,633
 ~ 74 Lacs+",527685,2056,529741,41.82551024,50.22450903,1266550,0Uttar Pradesh,KANPUR,Satyadev Pachauri,1,BJP,Lotus,MALE,0,71,GENERAL,Post Graduate,"Rs 13,23,82,819
 ~ 13 Crore+","Rs 3,10,52,190
 ~ 3 Crore+",466442,2495,468937,28.71658799,55.59953001,1632983,0Bihar,KARAKAT,MAHABALI SINGH,1,JD(U),Arrow,MALE,3,64,GENERAL,8th Pass,"Rs 4,34,42,051
 ~ 4 Crore+","Rs 30,00,000
 ~ 30 Lacs+",396282,2126,398408,22.49299084,45.81793258,1771254,0Rajasthan,KARAULI-DHOLPUR,MANOJ RAJORIA,1,BJP,Lotus,MALE,0,49,SC,Post Graduate,"Rs 6,48,67,148
 ~ 6 Crore+","Rs 2,21,21,569
 ~ 2 Crore+",523801,2642,526443,29.07602782,52.69014042,1810574,0Telangana,KARIMNAGAR,BANDI SANJAY KUMAR,1,BJP,Lotus,MALE,6,47,GENERAL,Post Graduate,"Rs 22,70,000
 ~ 22 Lacs+","Rs 13,41,800
 ~ 13 Lacs+",497462,814,498276,30.17033162,43.39623463,1651543,0Haryana,KARNAL,Sanjay Bhatia,1,BJP,Lotus,MALE,0,51,GENERAL,Graduate,"Rs 22,56,739
 ~ 22 Lacs+","Rs 5,00,000
 ~ 5 Lacs+",909432,2162,911594,47.87298346,70.04319717,1904193,0Tamil Nadu,KARUR,Jothimani S,1,INC,Hand,FEMALE,0,43,GENERAL,Post Graduate,"Rs 60,46,055
 ~ 60 Lacs+","Rs 3,79,000
 ~ 3 Lacs+",691518,4179,695697,50.14805887,63.03630243,1387286,0Kerala,KASARAGOD,Rajmohan Unnithan,1,INC,Hand,MALE,1,65,GENERAL,Graduate,"Rs 2,15,70,257
 ~ 2 Crore+","Rs 8,62,257
 ~ 8 Lacs+",473983,978,474961,34.82279607,43.17438703,1363937,0Bihar,KATIHAR,DULAL CHANDRA GOSWAMI,1,JD(U),Arrow,MALE,1,51,GENERAL,Graduate,"Rs 1,33,02,734
 ~ 1 Crore+","Rs 31,30,766
 ~ 31 Lacs+",558984,439,559423,33.83566607,50.02490412,1653353,0Uttar Pradesh,KAUSHAMBI,VINOD KUMAR SONKAR,1,BJP,Lotus,MALE,4,49,SC,Graduate,"Rs 5,93,36,113
 ~ 5 Crore+","Rs 2,07,30,086
 ~ 2 Crore+",381517,1492,383009,21.43163302,39.28148368,1787120,0Odisha,KENDRAPARA,Anubhav Mohanty,1,BJD,Conch,MALE,0,37,GENERAL,Graduate,"Rs 2,23,09,172
 ~ 2 Crore+","Rs 41,33,506
 ~ 41 Lacs+",629349,830,630179,36.83284276,50.88457489,1710916,0Punjab,KHADOOR SAHIB,JASBIR SINGH GILL (DIMPA),1,INC,Hand,MALE,0,48,GENERAL,Others,"Rs 8,13,93,500
 ~ 8 Crore+","Rs 46,55,000
 ~ 46 Lacs+",457990,1720,459710,28.05090424,43.85918046,1638842,0Madhya Pradesh,KHAJURAHO,V.D. SHARMA (VISHNU DATT SHARMA),1,BJP,Lotus,MALE,0,49,GENERAL,Post Graduate,"Rs 1,05,89,334
 ~ 1 Crore+","Rs 25,07,176
 ~ 25 Lacs+",810410,725,811135,44.03328819,64.46194756,1842095,0Telangana,KHAMMAM,NAMA NAGESWR RAO,1,TRS,Car,MALE,5,62,GENERAL,12th Pass,"Rs 1,07,46,71,341
 ~ 107 Crore+","Rs 8,07,21,594
 ~ 8 Crore+",566621,838,567459,37.48550841,49.7837431,1513809,0Madhya Pradesh,KHANDWA,NANDKUMAR SINGH CHOUHAN (NANDU BHAIYA),1,BJP,Lotus,MALE,0,66,GENERAL,Post Graduate,"Rs 1,90,76,515
 ~ 1 Crore+","Rs 48,19,099
 ~ 48 Lacs+",837969,940,838909,43.94367894,57.14031751,1909055,0Madhya Pradesh,KHARGONE,GAJENDRA UMRAO SINGH PATEL,1,BJP,Lotus,MALE,0,43,ST,Graduate Professional,"Rs 6,73,03,990
 ~ 6 Crore+","Rs 18,85,020
 ~ 18 Lacs+",772221,1329,773550,42.16944644,54.1700922,1834385,0Gujarat,KHEDA,Chauhan Devusinh,1,BJP,Lotus,MALE,0,54,GENERAL,Others,"Rs 1,30,23,202
 ~ 1 Crore+","Rs 9,95,240
 ~ 9 Lacs+",711757,2815,714572,39.6098065,64.89189255,1804028,0Jharkhand,KHUNTI,ARJUN MUNDA,1,BJP,Lotus,MALE,0,50,ST,12th Pass,"Rs 9,15,07,865
 ~ 9 Crore+","Rs 2,71,06,434
 ~ 2 Crore+",381566,1072,382638,31.81586877,45.9440897,1202664,0Bihar,KISHANGANJ,Dr. Mohammad Jawed,1,INC,Hand,MALE,1,54,GENERAL,Graduate Professional,"Rs 9,09,73,803
 ~ 9 Crore+","Rs 53,83,958
 ~ 53 Lacs+",366820,197,367017,22.11410712,33.31502756,1659651,0Jharkhand,KODARMA,ANNPURNA DEVI,1,BJP,Lotus,FEMALE,0,50,GENERAL,Post Graduate,"Rs 9,76,36,939
 ~ 9 Crore+","Rs 31,89,066
 ~ 31 Lacs+",751996,1020,753016,41.50849583,62.25016761,1814125,0Assam,KOKRAJHAR,Naba Kumar Sarania,1,IND,Battery Torch,MALE,5,50,ST,12th Pass,"Rs 1,30,13,994
 ~ 1 Crore+","Rs 1,75,069
 ~ 1 Lacs+",482556,2004,484560,27.27828512,32.74620475,1776358,0Karnataka,KOLAR,S. MUNISWAMY,1,BJP,Lotus,MALE,2,44,SC,12th Pass,"Rs 17,45,57,500
 ~ 17 Crore+","Rs 1,98,65,690
 ~ 1 Crore+",707930,1235,709165,43.50809621,56.32348047,1629961,0Maharashtra,KOLHAPUR,Sanjay Sadashivrao Mandlik,1,SHS,Bow and Arrow,MALE,0,54,GENERAL,Post Graduate,"Rs 9,51,71,892
 ~ 9 Crore+","Rs 1,05,80,414
 ~ 1 Crore+",745675,3410,749085,39.8344373,56.21634156,1880496,0Kerala,KOLLAM,N.K.Premachandran,1,RSP,Spade & Stoker,MALE,5,58,GENERAL,Graduate Professional,"Rs 1,75,00,650
 ~ 1 Crore+","Rs 32,70,587
 ~ 32 Lacs+",497264,2413,499677,38.53391634,51.56534921,1296720,0Karnataka,KOPPAL,KARADI SANGANNA AMARAPPA,1,BJP,Lotus,MALE,1,64,GENERAL,10th Pass,"Rs 2,87,25,791
 ~ 2 Crore+","Rs 2,24,75,333
 ~ 2 Crore+",584997,1786,586783,33.78737635,49.28352876,1736693,0Odisha,KORAPUT,SAPTAGIRI SANKAR ULAKA,1,INC,Hand,MALE,0,40,ST,Graduate Professional,"Rs 3,75,87,560
 ~ 3 Crore+","Rs 12,17,963
 ~ 12 Lacs+",370434,695,371129,25.87375487,34.34252301,1434384,0Kerala,KOTTAYAM,Thomas Chazhikadan,1,KEC(M),Two Leaves,MALE,0,66,GENERAL,Graduate Professional,"Rs 2,60,27,478
 ~ 2 Crore+","Rs 4,95,778
 ~ 4 Lacs+",420294,752,421046,34.89240887,46.23586721,1206698,0Kerala,KOZHIKODE,M.K.RAGHAVAN,1,INC,Hand,MALE,1,66,GENERAL,Graduate,"Rs 1,25,02,009
 ~ 1 Crore+","Rs 31,74,805
 ~ 31 Lacs+",491835,1609,493444,37.43816501,45.82154776,1318024,0Tamil Nadu,KRISHNAGIRI,Dr.A.CHELLAKUMAR,1,INC,Hand,MALE,5,58,GENERAL,Post Graduate,"Rs 12,10,87,979
 ~ 12 Crore+","Rs 6,68,17,959
 ~ 6 Crore+",609396,1902,611298,39.94357046,52.59504437,1530404,0West Bengal,KRISHNANAGAR,MAHUA MOITRA,1,AITC,Flowers and Grass,FEMALE,0,44,GENERAL,Graduate,"Rs 2,64,95,250
 ~ 2 Crore+","Rs 6,71,138
 ~ 6 Lacs+",613652,1220,614872,37.68295359,44.992796,1631698,0Andhra Pradesh,KURNOOL,AYUSHMAN DOCTOR SANJEEV KUMAR,1,YSRCP,Ceiling Fan,MALE,0,52,GENERAL,Post Graduate,"Rs 32,59,14,387
 ~ 32 Crore+","Rs 6,20,70,621
 ~ 6 Crore+",603098,2364,605462,38.49068886,50.85044412,1573009,0Haryana,KURUKSHETRA,NAYAB SINGH,1,BJP,Lotus,MALE,0,49,GENERAL,Graduate Professional,"Rs 3,57,85,621
 ~ 3 Crore+","Rs 57,20,000
 ~ 57 Lacs+",686588,2041,688629,41.55038058,55.93312026,1657335,0Uttar Pradesh,KUSHI NAGAR,VIJAY KUMAR DUBEY,1,BJP,Lotus,MALE,2,50,GENERAL,12th Pass,"Rs 2,18,60,780
 ~ 2 Crore+","Rs 3,16,847
 ~ 3 Lacs+",595508,1531,597039,33.8925523,56.68222715,1761564,0Assam,LAKHIMPUR,PRADAN BARUAH,1,BJP,Lotus,MALE,0,53,ST,12th Pass,"Rs 1,43,07,978
 ~ 1 Crore+","Rs 58,39,285
 ~ 58 Lacs+",774017,2389,776406,45.45667978,60.47011176,1708013,0Maharashtra,LATUR,Sudhakar Tukaram Shrangare,1,BJP,Lotus,MALE,0,57,SC,10th Pass,"Rs 28,64,78,302
 ~ 28 Crore+","Rs 10,02,50,602
 ~ 10 Crore+",657590,3905,661495,35.06175208,56.14983248,1886657,0Jharkhand,LOHARDAGA,SUDARSHAN BHAGAT,1,BJP,Lotus,MALE,0,52,ST,Graduate,"Rs 1,29,47,303
 ~ 1 Crore+","Rs 5,25,000
 ~ 5 Lacs+",369527,2068,371595,30.10606942,45.40688957,1234286,0Punjab,LUDHIANA,RAVNEET SINGH BITTU,1,INC,Hand,MALE,3,43,GENERAL,12th Pass,"Rs 5,42,81,096
 ~ 5 Crore+","Rs 33,31,266
 ~ 33 Lacs+",383284,511,383795,22.79981584,36.65576276,1683325,0Uttar Pradesh,MACHHLISHAHR,Bholanath (B.P. Saroj),1,BJP,Lotus,MALE,0,58,SC,Graduate,"Rs 25,90,27,394
 ~ 25 Crore+","Rs 1,11,94,163
 ~ 1 Crore+",487093,1304,488397,26.42403368,47.16943047,1848306,0Andhra Pradesh,MACHILIPATNAM,BALASHOWRY VALLABHANENI,1,YSRCP,Ceiling Fan,MALE,2,50,GENERAL,Post Graduate,"Rs 99,05,75,840
 ~ 99 Crore+","Rs 74,63,10,844
 ~ 74 Crore+",567592,5258,572850,38.88086106,45.99165671,1473347,0Maharashtra,MADHA,Ranjeetsinha Hindurao Naik- Nimbalkar,1,BJP,Lotus,MALE,2,42,GENERAL,12th Pass,"Rs 1,27,51,60,578
 ~ 127 Crore+","Rs 89,63,15,287
 ~ 89 Crore+",583191,3123,586314,30.70391616,48.14443478,1909574,0Bihar,MADHEPURA,Dinesh Chandra Yadav,1,JD(U),Arrow,MALE,1,67,GENERAL,Graduate Professional,"Rs 3,74,20,953
 ~ 3 Crore+","Rs 7,00,000
 ~ 7 Lacs+",623460,874,624334,33.12322303,54.40098566,1884883,0Bihar,MADHUBANI,ASHOK KUMAR YADAV,1,BJP,Lotus,MALE,1,49,GENERAL,Doctorate,"Rs 4,66,99,125
 ~ 4 Crore+","Rs 78,92,847
 ~ 78 Lacs+",594811,1032,595843,33.23536729,61.76420588,1792798,0Telangana,MAHABUBABAD,Kavitha Malothu,1,TRS,Car,FEMALE,1,39,ST,Graduate,"Rs 1,97,31,269
 ~ 1 Crore+","Rs 12,52,068
 ~ 12 Lacs+",461824,285,462109,32.44270334,46.97628461,1424385,0Uttar Pradesh,MAHARAJGANJ,PANKAJ CHOUDHARY,1,BJP,Lotus,MALE,5,54,GENERAL,12th Pass,"Rs 37,18,27,109
 ~ 37 Crore+","Rs 44,83,048
 ~ 44 Lacs+",725557,792,726349,37.92137237,59.18634251,1915408,0Bihar,MAHARAJGANJ,"Janardan Singh 'Sigriwal""",1,BJP,Lotus,MALE,5,55,GENERAL,Graduate,"Rs 1,04,51,986
 ~ 1 Crore+","Rs 3,76,000
 ~ 3 Lacs+",543523,2829,546352,30.22246217,56.1519195,1807768,0Chhattisgarh,MAHASAMUND,CHUNNI LAL SAHU,1,BJP,Lotus,MALE,0,51,GENERAL,Graduate,"Rs 1,75,91,683
 ~ 1 Crore+","Rs 13,83,014
 ~ 13 Lacs+",614924,1656,616580,37.64337273,50.42497876,1637951,0Telangana,MAHBUBNAGAR,MANNE SRINIVAS REDDY,1,TRS,Car,MALE,0,60,GENERAL,12th Pass,"Rs 6,33,53,123
 ~ 6 Crore+","Rs 45,69,251
 ~ 45 Lacs+",411241,161,411402,27.31567981,41.77658268,1506102,0Gujarat,MAHESANA,SHARDABEN ANILBHAI PATEL,1,BJP,Lotus,FEMALE,0,71,GENERAL,12th Pass,"Rs 44,03,08,300
 ~ 44 Crore+","Rs 74,77,793
 ~ 74 Lacs+",656686,2839,659525,39.99862936,60.80381533,1648869,0Uttar Pradesh,MAINPURI,MULAYAM SINGH YADAV,1,SP,Bicycle,MALE,1,79,GENERAL,Post Graduate,"Rs 20,56,04,593
 ~ 20 Crore+","Rs 2,20,55,657
 ~ 2 Crore+",523145,1781,524926,30.46164309,53.65909507,1723236,0West Bengal,MALDAHA DAKSHIN,ABU HASEM KHAN CHOWDHURY (DALU),1,INC,Hand,MALE,0,72,GENERAL,Doctorate,"Rs 27,09,59,520
 ~ 27 Crore+","Rs 7,28,107
 ~ 7 Lacs+",443540,730,444270,28.19705634,34.70921743,1575590,0West Bengal,MALDAHA UTTAR,KHAGEN MURMU,1,BJP,Lotus,MALE,4,59,ST,Graduate,"Rs 1,02,32,439
 ~ 1 Crore+","Rs 10,70,914
 ~ 10 Lacs+",507798,1726,509524,30.22168445,37.5930652,1685955,0Telangana,MALKAJGIRI,ANUMULA REVANTH REDDY,1,INC,Hand,MALE,42,51,GENERAL,Graduate,"Rs 24,53,57,182
 ~ 24 Crore+","Rs 2,78,07,304
 ~ 2 Crore+",602907,841,603748,19.16469887,38.61155274,3150313,0Himachal Pradesh,MANDI,RAM SWAROOP SHARMA,1,BJP,Lotus,MALE,0,60,GENERAL,10th Pass,"Rs 1,57,24,337
 ~ 1 Crore+","Rs 7,83,963
 ~ 7 Lacs+",638441,8748,647189,50.50395564,68.62008932,1281462,0Madhya Pradesh,MANDLA,FAGGAN SINGH KULASTE,1,BJP,Lotus,MALE,0,59,ST,Post Graduate,"Rs 2,67,02,373
 ~ 2 Crore+","Rs 10,00,075
 ~ 10 Lacs+",735365,1901,737266,37.78396293,48.57045544,1951267,0Madhya Pradesh,MANDSOUR,Sudheer Gupta,1,BJP,Lotus,MALE,1,59,GENERAL,Post Graduate,"Rs 9,09,08,944
 ~ 9 Crore+","Rs 7,99,283
 ~ 7 Lacs+",845944,1842,847786,48.14572301,61.81293223,1760875,0Karnataka,MANDYA,SUMALATHA AMBAREESH,1,IND,Man Blowing Turha,FEMALE,0,55,GENERAL,10th Pass,"Rs 23,41,54,139
 ~ 23 Crore+","Rs 1,42,32,295
 ~ 1 Crore+",702167,1493,703660,41.10153948,51.00382569,1712004,0Uttar Pradesh,MATHURA,HEMA MALINI,1,BJP,Lotus,FEMALE,0,70,GENERAL,Doctorate,"Rs 2,50,82,70,292
 ~ 250 Crore+","Rs 13,12,88,062
 ~ 13 Crore+",667342,3951,671293,37.13123509,60.78763045,1807893,0Maharashtra,MAVAL,SHRIRANG APPA CHANDU BARNE,1,SHS,Bow and Arrow,MALE,3,55,GENERAL,8th Pass,"Rs 1,02,33,10,134
 ~ 102 Crore+","Rs 4,16,612
 ~ 4 Lacs+",718950,1713,720663,31.35935215,52.62403465,2298080,0Kerala,MAVELIKKARA,KODIKUNNIL SURESH,1,INC,Hand,MALE,1,56,SC,Post Graduate,"Rs 1,29,65,129
 ~ 1 Crore+","Rs 9,82,819
 ~ 9 Lacs+",437997,2418,440415,33.66824605,45.29340985,1308102,0Tamil Nadu,MAYILADUTHURAI,RAMALINGAM. S,1,DMK,Rising Sun,MALE,0,74,GENERAL,Graduate,"Rs 1,33,55,095
 ~ 1 Crore+","Rs 2,15,000
 ~ 2 Lacs+",595845,3447,599292,40.3606579,54.59126601,1484842,0Odisha,MAYURBHANJ,BISHWESWAR TUDU,1,BJP,Lotus,MALE,1,54,ST,10th Pass,"Rs 27,42,000
 ~ 27 Lacs+","Rs 4,00,000
 ~ 4 Lacs+",480253,3559,483812,32.40090945,42.00876449,1493205,0Telangana,MEDAK,Kotha Prabhakar Reddy,1,TRS,Car,MALE,0,53,GENERAL,Graduate,"Rs 1,26,65,81,773
 ~ 126 Crore+","Rs 26,82,66,203
 ~ 26 Crore+",595830,218,596048,37.17590646,51.81534706,1603318,0Uttar Pradesh,MEERUT,RAJENDRA AGARWAL,1,BJP,Lotus,MALE,3,68,GENERAL,Post Graduate,"Rs 1,34,89,377
 ~ 1 Crore+","Rs 19,90,094
 ~ 19 Lacs+",582976,3208,586184,30.96700302,48.16868539,1892931,0Uttar Pradesh,MIRZAPUR,Anupriya Singh Patel,1,ADAL,Cup & Saucer,FEMALE,2,37,GENERAL,Post Graduate,"Rs 2,69,00,662
 ~ 2 Crore+","Rs 18,05,603
 ~ 18 Lacs+",590867,697,591564,32.06048289,53.3392723,1845150,0Uttar Pradesh,MISRIKH,Ashok Kumar Rawat,1,BJP,Lotus,MALE,0,52,SC,Post Graduate,"Rs 4,87,71,207
 ~ 4 Crore+","Rs 57,35,470
 ~ 57 Lacs+",533562,867,534429,29.74119221,52.01852865,1796932,0Uttar Pradesh,MORADABAD,Dr. S.T. HASAN,1,SP,Bicycle,MALE,0,60,GENERAL,Post Graduate,"Rs 5,57,95,546
 ~ 5 Crore+","Rs 5,00,000
 ~ 5 Lacs+",648817,599,649416,33.15141513,50.64600531,1958939,0Madhya Pradesh,MORENA,NARENDRA SINGH TOMAR,1,BJP,Lotus,MALE,1,61,GENERAL,Graduate,"Rs 2,30,62,224
 ~ 2 Crore+","Rs 66,89,767
 ~ 66 Lacs+",537856,3833,541689,29.47609623,47.56940602,1837723,0Maharashtra,MUMBAI NORTH,Gopal Shetty,1,BJP,Lotus,MALE,9,65,GENERAL,5th Pass,"Rs 15,75,35,232
 ~ 15 Crore+","Rs 2,11,36,135
 ~ 2 Crore+",705555,1123,706678,42.89786627,71.38435617,1647350,0Maharashtra,MUMBAI NORTH EAST,Manoj Kotak,1,BJP,Lotus,MALE,2,46,GENERAL,10th Pass,"Rs 5,46,61,944
 ~ 5 Crore+","Rs 20,48,000
 ~ 20 Lacs+",513579,1020,514599,32.39134307,56.60028091,1588693,0Maharashtra,MUMBAI NORTH WEST,Gajanan Kirtikar,1,SHS,Bow and Arrow,MALE,0,75,GENERAL,Graduate,"Rs 10,53,92,000
 ~ 10 Crore+","Rs 40,32,000
 ~ 40 Lacs+",569018,1045,570063,32.90857104,60.52710093,1732263,0Maharashtra,MUMBAI SOUTH CENTRAL,Rahul Ramesh Shewale,1,SHS,Bow & Arrow,MALE,0,47,SC,Others,"Rs 1,88,81,363
 ~ 1 Crore+","Rs 77,78,954
 ~ 77 Lacs+",423743,1170,424913,29.50006248,53.2537163,1440380,0Bihar,MUNGER,RAJIV RANJAN SINGH ALIAS LALAN SINGH,1,JD(U),Arrow,MALE,1,65,GENERAL,Graduate,"Rs 8,83,24,866
 ~ 8 Crore+","Rs 75,34,918
 ~ 75 Lacs+",525519,3243,528762,28.00609102,51.01708636,1888025,0West Bengal,MURSHIDABAD,ABU TAHER KHAN,1,AITC,Flowers and Grass,MALE,3,57,GENERAL,8th Pass,"Rs 89,26,616
 ~ 89 Lacs+","Rs 13,50,000
 ~ 13 Lacs+",604024,322,604346,35.03075319,41.55888631,1725187,0Uttar Pradesh,MUZAFFARNAGAR,Sanjeev Kumar Balyan,1,BJP,Lotus,MALE,1,46,GENERAL,Doctorate,"Rs 1,57,81,189
 ~ 1 Crore+","Rs 23,73,645
 ~ 23 Lacs+",569535,4245,573780,33.79145973,49.38826312,1698003,0Bihar,MUZAFFARPUR,Ajay Nishad,1,BJP,Lotus,MALE,1,50,GENERAL,Graduate,"Rs 29,88,67,486
 ~ 29 Crore+","Rs 1,57,14,320
 ~ 1 Crore+",664074,2804,666878,38.53554326,63.00175625,1730553,0Karnataka,MYSORE,PRATHAP SIMHA,1,BJP,Lotus,MALE,3,42,GENERAL,Post Graduate,"Rs 1,87,23,762
 ~ 1 Crore+","Rs 65,86,698
 ~ 65 Lacs+",685105,3869,688974,36.33191006,52.2701185,1896333,0Odisha,NABARANGPUR,RAMESH CHANDRA MAJHI,1,BJD,Conch,MALE,0,40,ST,Graduate,"Rs 81,00,600
 ~ 81 Lacs+","Rs 7,71,000
 ~ 7 Lacs+",392481,23,392504,26.86536108,33.78450611,1461004,0Nagaland,NAGALAND,Tokheho Yepthomi,1,NDPP,Globe,MALE,0,62,ST,Graduate,"Rs 12,81,17,474
 ~ 12 Crore+","Rs 1,86,00,000
 ~ 1 Crore+",499683,827,500510,41.23574594,49.68151855,1213777,0Tamil Nadu,NAGAPATTINAM,SELVARAJ M,1,CPI(M),Ears of Corn And Sickle,MALE,0,63,SC,12th Pass,"Rs 45,72,837
 ~ 45 Lacs+","Rs 12,51,381
 ~ 12 Lacs+",519596,3296,522892,40.1098762,52.13696008,1303649,0Uttar Pradesh,NAGINA,GIRISH CHANDRA,1,BSP,Elephant,MALE,1,55,SC,12th Pass,"Rs 2,86,59,644
 ~ 2 Crore+","Rs 90,62,600
 ~ 90 Lacs+",567195,1183,568378,35.83455697,56.2870314,1586117,0Maharashtra,NAGPUR,NITIN JAIRAM GADKARI,1,BJP,Lotus,MALE,4,62,GENERAL,Graduate Professional,"Rs 18,79,16,075
 ~ 18 Crore+","Rs 4,07,29,055
 ~ 4 Crore+",657624,2597,660221,30.5502856,55.61090451,2161096,0Bihar,NALANDA,Kaushlendra Kumar,1,JD(U),Arrow,MALE,0,60,GENERAL,12th Pass,"Rs 2,92,51,651
 ~ 2 Crore+","Rs 27,12,389
 ~ 27 Lacs+",539183,1705,540888,25.57621043,52.41802778,2114809,0Telangana,NALGONDA,UTTAM KUMAR REDDY NALAMADA,1,INC,Hand,MALE,4,55,GENERAL,Graduate,"Rs 3,15,01,349
 ~ 3 Crore+","Rs 12,00,000
 ~ 12 Lacs+",525508,520,526028,33.16737916,44.73088069,1585980,0Tamil Nadu,NAMAKKAL,CHINRAJ A.K.P,1,DMK,Rising Sun,MALE,0,54,GENERAL,Graduate,"Rs 48,52,05,173
 ~ 48 Crore+","Rs 1,86,42,484
 ~ 1 Crore+",623370,2923,626293,44.3048559,55.22943886,1413599,0Maharashtra,NANDED,Prataprao Patil Chikhalikar,1,BJP,Lotus,MALE,0,57,GENERAL,12th Pass,"Rs 5,21,78,606
 ~ 5 Crore+","Rs 5,94,000
 ~ 5 Lacs+",482148,4658,486806,28.31383534,43.1006975,1719322,0Maharashtra,NANDURBAR,Dr. Heena Vijaykumar Gavit,1,BJP,Lotus,FEMALE,0,31,ST,Post Graduate,"Rs 27,16,34,532
 ~ 27 Crore+","Rs 1,52,91,251
 ~ 1 Crore+",637226,1910,639136,34.15832086,49.7557892,1871099,0Andhra Pradesh,NANDYAL,POCHA . BRAHMANANDA REDDY,1,YSRCP,Ceiling Fan,MALE,1,60,GENERAL,Post Graduate,"Rs 58,59,32,911
 ~ 58 Crore+","Rs 17,70,35,582
 ~ 17 Crore+",715024,5864,720888,44.96500792,55.46209565,1603220,0Andhra Pradesh,NARASARAOPET,LAVU SRI KRISHNA DEVARAYALU,1,YSRCP,Ceiling Fan,MALE,0,35,GENERAL,Graduate Professional,"Rs 17,77,10,073
 ~ 17 Crore+","Rs 1,01,42,413
 ~ 1 Crore+",740509,5048,745557,44.63368158,51.74848619,1670391,0Andhra Pradesh,NARSAPURAM,KANUMURU RAGHU RAMA KRISHNA RAJU,1,YSRCP,Ceiling Fan,MALE,3,57,GENERAL,Post Graduate,"Rs 3,25,94,05,378
 ~ 325 Crore+","Rs 1,01,44,67,354
 ~ 101 Crore+",444376,4858,449234,31.20350131,38.09773381,1439691,0Maharashtra,NASHIK,Godse Hemant Tukaram,1,SHS,Bow and Arrow,MALE,1,48,GENERAL,Others,"Rs 14,68,69,996
 ~ 14 Crore+","Rs 4,10,83,126
 ~ 4 Crore+",562034,1565,563599,29.89813608,50.22752145,1885064,0Gujarat,NAVSARI,C. R. Patil,1,BJP,Lotus,MALE,1,64,GENERAL,10th Pass,"Rs 44,60,44,269
 ~ 44 Crore+","Rs 5,68,46,658
 ~ 5 Crore+",969430,3309,972739,49.33609176,74.29821667,1971658,0Bihar,NAWADA,Chandan Singh,1,LJP,Bungalow,MALE,2,36,GENERAL,Graduate,"Rs 17,67,20,167
 ~ 17 Crore+","Rs 47,22,200
 ~ 47 Lacs+",491956,3728,495684,26.09210595,52.47049035,1899747,0Andhra Pradesh,NELLORE,Adala Prabhakara Reddy,1,YSRCP,Ceiling Fan,MALE,0,70,GENERAL,12th Pass,"Rs 2,21,16,63,364
 ~ 221 Crore+","Rs 15,22,81,255
 ~ 15 Crore+",677014,6816,683830,40.87826427,53.04457705,1672845,0NCT OF Delhi,NEW DELHI,MEENAKASHI LEKHI,1,BJP,Lotus,FEMALE,0,51,GENERAL,Graduate Professional,"Rs 36,14,41,689
 ~ 36 Crore+","Rs 79,38,378
 ~ 79 Lacs+",503157,1049,504206,31.17251015,54.77124424,1617470,0Tamil Nadu,NILGIRIS,"RAJA, A.",1,DMK,Rising Sun,MALE,6,55,SC,Graduate Professional,"Rs 4,95,91,024
 ~ 4 Crore+","Rs 14,24,914
 ~ 14 Lacs+",545463,2369,547832,40.10307014,54.18451529,1366060,0Telangana,NIZAMABAD,ARVIND DHARMAPURI,1,BJP,Lotus,MALE,1,43,GENERAL,Post Graduate,"Rs 87,69,30,468
 ~ 87 Crore+","Rs 33,75,80,746
 ~ 33 Crore+",479748,836,480584,30.93785507,45.20242066,1553385,0NCT OF Delhi,NORTH EAST DELHI,MANOJ TIWARI,1,BJP,Lotus,MALE,3,47,GENERAL,Post Graduate,"Rs 24,28,17,031
 ~ 24 Crore+","Rs 1,36,18,755
 ~ 1 Crore+",785262,2537,787799,34.39431354,53.85676598,2290492,0Goa,NORTH GOA,SHRIPAD YESSO NAIK,1,BJP,Lotus,MALE,0,66,GENERAL,Graduate,"Rs 6,57,95,623
 ~ 6 Crore+","Rs 14,91,387
 ~ 14 Lacs+",244034,810,244844,43.97649979,57.07239526,556761,0NCT OF Delhi,NORTH WEST DELHI,HANS RAJ HANS,1,BJP,Lotus,MALE,0,57,SC,10th Pass,"Rs 13,09,37,732
 ~ 13 Crore+","Rs 4,78,97,494
 ~ 4 Crore+",847737,926,848663,35.67317292,60.48976968,2378995,0Assam,NOWGONG,Pradyut Bordoloi,1,INC,Hand,MALE,0,59,GENERAL,Post Graduate,"Rs 7,41,43,272
 ~ 7 Crore+","Rs 40,11,152
 ~ 40 Lacs+",738881,843,739724,41.21833362,49.52544951,1794648,0Andhra Pradesh,ONGOLE,MAGUNTA SREENIVASULU REDDY,1,YSRCP,Ceiling Fan,MALE,0,65,GENERAL,Graduate,"Rs 26,65,83,686
 ~ 26 Crore+","Rs 9,13,02,133
 ~ 9 Crore+",729344,9858,739202,47.49224045,55.00002604,1556469,0Maharashtra,OSMANABAD,Omprakash Bhupalsinh Alias Pawan Rajenimbalkar,1,SHS,Bow and Arrow,MALE,4,35,GENERAL,12th Pass,"Rs 5,02,99,295
 ~ 5 Crore+","Rs 1,00,45,858
 ~ 1 Crore+",591605,5035,596640,31.57259729,49.52059706,1889740,0Kerala,PALAKKAD,V K SREEKANDAN,1,INC,Hand,MALE,7,49,GENERAL,Graduate,"Rs 63,56,399
 ~ 63 Lacs+","Rs 27,09,000
 ~ 27 Lacs+",398714,560,399274,30.17921255,38.80688986,1323010,0Jharkhand,PALAMAU,VISHNU DAYAL RAM,1,BJP,Lotus,MALE,0,68,SC,Graduate,"Rs 3,22,73,873
 ~ 3 Crore+","Rs 90,922
 ~ 90 Thou+",753240,2419,755659,40.1638425,62.42917783,1881441,0Maharashtra,PALGHAR,Rajendra Dhedya Gavit,1,SHS,Bow and Arrow,MALE,0,51,ST,Graduate,"Rs 8,76,16,920
 ~ 8 Crore+","Rs 3,02,23,375
 ~ 3 Crore+",579989,490,580479,30.78484302,48.28484849,1885600,0Rajasthan,PALI,P. P. CHAUDHARY,1,BJP,Lotus,MALE,0,65,GENERAL,Graduate Professional,"Rs 38,51,11,923
 ~ 38 Crore+","Rs 72,78,041
 ~ 72 Lacs+",890817,9332,900149,41.64150471,66.11377767,2161663,0Gujarat,PANCHMAHAL,Ratansinh Magansinh Rathod,1,BJP,Lotus,MALE,0,59,GENERAL,Graduate Professional,"Rs 1,02,60,663
 ~ 1 Crore+","Rs 10,81,611
 ~ 10 Lacs+",727301,4835,732136,41.96194094,67.43334825,1744762,0Maharashtra,PARBHANI,JADHAV SANJAY (BANDU) HARIBHAU,1,SHS,Bow and Arrow,MALE,6,52,GENERAL,10th Pass,"Rs 4,10,40,011
 ~ 4 Crore+","Rs 45,19,583
 ~ 45 Lacs+",538214,727,538941,27.14756189,43.0088932,1985228,0Bihar,PASCHIM CHAMPARAN,DR. SANJAY JAISWAL,1,BJP,Lotus,MALE,5,54,GENERAL,Post Graduate,"Rs 19,94,04,885
 ~ 19 Crore+","Rs 6,73,70,030
 ~ 6 Crore+",600735,2971,603706,36.95049161,59.57391799,1633824,0Bihar,PATALIPUTRA,RAM KRIPAL YADAV,1,BJP,Lotus,MALE,0,58,GENERAL,Graduate,"Rs 2,92,13,467
 ~ 2 Crore+","Rs 17,17,310
 ~ 17 Lacs+",506557,3000,509557,26.46390846,47.23329153,1925479,0Gujarat,PATAN,DABHI BHARATSINHJI SHANKARJI,1,BJP,Lotus,MALE,0,64,GENERAL,Graduate,"Rs 4,73,73,221
 ~ 4 Crore+","Rs 56,13,860
 ~ 56 Lacs+",629813,3555,633368,35.04996837,56.12889561,1807043,0Kerala,PATHANAMTHITTA,ANTO ANTONY,1,INC,Hand,MALE,1,62,GENERAL,Graduate,"Rs 60,75,876
 ~ 60 Lacs+","Rs 77,23,227
 ~ 77 Lacs+",380089,838,380927,27.54868772,37.07758975,1382741,0Punjab,PATIALA,Preneet Kaur,1,INC,Hand,FEMALE,0,74,GENERAL,Graduate,"Rs 63,59,73,757
 ~ 63 Crore+","Rs 4,24,53,369
 ~ 4 Crore+",531178,849,532027,30.58329501,45.13113237,1739600,0Tamil Nadu,PERAMBALUR,"Dr.PAARIVENDHAR, T. R",1,DMK,Rising Sun,MALE,2,77,GENERAL,Post Graduate,"Rs 97,27,30,368
 ~ 97 Crore+","Rs 6,59,35,070
 ~ 6 Crore+",677005,6692,683697,49.12135118,61.97623192,1391853,0Uttar Pradesh,PHULPUR,Keshari Devi Patel,1,BJP,Lotus,FEMALE,2,62,GENERAL,Post Graduate,"Rs 17,27,07,104
 ~ 17 Crore+","Rs 65,05,194
 ~ 65 Lacs+",542398,2303,544701,27.09312268,55.63413296,2010477,0Uttar Pradesh,PILIBHIT,Feroze Varun Gandhi,1,BJP,Lotus,MALE,0,39,GENERAL,Post Graduate,"Rs 60,32,00,539
 ~ 60 Crore+","Rs 2,89,52,800
 ~ 2 Crore+",702755,1794,704549,40.00375879,59.34418497,1761207,0Tamil Nadu,POLLACHI,SHANMUGA SUNDARAM. K,1,DMK,Rising Sun,MALE,0,49,GENERAL,Graduate Professional,"Rs 13,31,09,284
 ~ 13 Crore+","Rs 1,33,60,639
 ~ 1 Crore+",550905,3325,554230,36.45041381,51.22803839,1520504,0Gujarat,PORBANDAR,RAMESHBHAI LAVJIBHAI DHADUK,1,BJP,Lotus,MALE,0,57,GENERAL,10th Pass,"Rs 35,75,64,783
 ~ 35 Crore+","Rs 21,79,44,697
 ~ 21 Crore+",560011,3870,563881,33.92034736,59.28681,1662368,0Uttar Pradesh,PRATAPGARH,SANGAM LAL GUPTA,1,BJP,Lotus,MALE,2,48,GENERAL,8th Pass,"Rs 24,87,89,514
 ~ 24 Crore+","Rs 88,95,225
 ~ 88 Lacs+",434222,2069,436291,25.53262338,47.66858343,1708759,0Puducherry,PUDUCHERRY,Ve. VAITHILINGAM,1,INC,Hand,MALE,0,68,GENERAL,Graduate,"Rs 10,80,15,548
 ~ 10 Crore+","Rs 5,20,989
 ~ 5 Lacs+",444646,335,444981,45.7136253,56.2629679,973410,0Maharashtra,PUNE,Girish Bhalchandra Bapat,1,BJP,Lotus,MALE,1,68,GENERAL,Graduate,"Rs 5,79,59,302
 ~ 5 Crore+","Rs 17,93,891
 ~ 17 Lacs+",631875,960,632835,30.48596605,61.10486707,2075824,0Odisha,PURI,PINAKI MISRA,1,BJD,Conch,MALE,0,59,GENERAL,Graduate Professional,"Rs 1,17,47,01,344
 ~ 117 Crore+","Rs 2,19,32,742
 ~ 2 Crore+",537782,539,538321,34.45627079,47.38223997,1562331,0Bihar,PURNIA,SANTOSH KUMAR,1,JD(U),Arrow,MALE,1,43,GENERAL,12th Pass,"Rs 4,10,36,294
 ~ 4 Crore+","Rs 25,00,000
 ~ 25 Lacs+",632435,489,632924,35.85337889,54.84662332,1765312,0West Bengal,PURULIA,JYOTIRMAY SINGH MAHATO,1,BJP,Lotus,MALE,2,34,GENERAL,Graduate Professional,"Rs 22,50,540
 ~ 22 Lacs+","Rs 4,56,100
 ~ 4 Lacs+",666016,2091,668107,40.5925934,49.27547883,1645884,0Bihar,PURVI CHAMPARAN,RADHA MOHAN SINGH,1,BJP,Lotus,MALE,1,69,GENERAL,Graduate,"Rs 3,37,91,375
 ~ 3 Crore+","Rs 11,46,627
 ~ 11 Lacs+",574081,3706,577787,34.83431323,57.77090093,1658672,0Karnataka,RAICHUR,RAJA AMARESHWARA NAIK,1,BJP,Lotus,MALE,0,62,ST,Graduate Professional,"Rs 3,06,38,375
 ~ 3 Crore+","Rs 6,78,532
 ~ 6 Lacs+",596804,1533,598337,31.03079342,53.18730766,1928204,0Maharashtra,RAIGAD,Tatkare Sunil Dattatray,1,NCP,Clock,MALE,0,64,GENERAL,Others,"Rs 12,74,87,277
 ~ 12 Crore+","Rs 32,21,073
 ~ 32 Lacs+",484563,2405,486968,29.4602729,47.38965125,1652965,0West Bengal,RAIGANJ,DEBASREE CHAUDHURI,1,BJP,Lotus,FEMALE,2,48,GENERAL,Post Graduate,"Rs 61,39,123
 ~ 61 Lacs+","Rs 8,23,416
 ~ 8 Lacs+",509862,1790,511652,31.95388516,40.03298708,1601220,0Chhattisgarh,RAIPUR,Sunil Kumar Soni,1,BJP,Lotus,MALE,0,57,GENERAL,Graduate,"Rs 4,60,68,126
 ~ 4 Crore+","Rs 24,82,214
 ~ 24 Lacs+",836211,1691,837902,39.67831237,59.97257258,2111738,0Andhra Pradesh,RAJAHMUNDRY,MARGANI BHARAT,1,YSRCP,Ceiling Fan,MALE,2,36,GENERAL,Graduate,"Rs 45,82,05,360
 ~ 45 Crore+","Rs 1,78,14,757
 ~ 1 Crore+",578471,3553,582024,37.93525983,46.54374932,1534256,0Andhra Pradesh,RAJAMPET,P.V.MIDHUN REDDY,1,YSRCP,Ceiling Fan,MALE,3,42,GENERAL,Post Graduate,"Rs 66,50,85,701
 ~ 66 Crore+","Rs 20,54,73,477
 ~ 20 Crore+",695277,6934,702211,45.39360983,57.26949024,1546938,0Madhya Pradesh,RAJGARH,RODMAL NAGAR,1,BJP,Lotus,MALE,0,58,GENERAL,Graduate,"Rs 4,01,98,295
 ~ 4 Crore+","Rs 39,21,362
 ~ 39 Lacs+",822225,1599,823824,48.62243401,65.33463396,1694329,0Gujarat,RAJKOT,KUNDARIA MOHANBHAI KALYANJIBHAI,1,BJP,Lotus,MALE,0,67,GENERAL,8th Pass,"Rs 6,88,18,120
 ~ 6 Crore+","Rs 1,65,66,856
 ~ 1 Crore+",755296,3349,758645,40.26053698,63.41594918,1884339,0Jharkhand,RAJMAHAL,VIJAY KUMAR HANSDAK,1,JMM,Bow & Arrow,MALE,0,36,ST,10th Pass,"Rs 1,29,19,555
 ~ 1 Crore+","Rs 27,43,560
 ~ 27 Lacs+",506589,1241,507830,34.91593992,48.46385896,1454436,0Chhattisgarh,RAJNANDGAON,SANTOSH PANDEY,1,BJP,Lotus,MALE,0,51,GENERAL,Graduate Professional,"Rs 2,48,61,970
 ~ 2 Crore+","Rs 15,19,820
 ~ 15 Lacs+",660956,1431,662387,38.59031879,50.64593181,1716459,0Tamil Nadu,RAMANATHAPURAM,K. NAVASKANI,1,IUML,Ladder,MALE,1,39,GENERAL,12th Pass,"Rs 36,47,38,171
 ~ 36 Crore+","Rs 4,70,08,615
 ~ 4 Crore+",467585,2358,469943,30.12957288,44.04657131,1559740,0Maharashtra,RAMTEK,Krupal Balaji Tumane,1,SHS,Bow and Arrow,MALE,0,53,SC,Graduate,"Rs 9,56,03,165
 ~ 9 Crore+","Rs 42,28,793
 ~ 42 Lacs+",594827,2299,597126,31.05560537,49.85168704,1922764,0Jharkhand,RANCHI,SANJAY SETH,1,BJP,Lotus,MALE,0,60,GENERAL,Graduate Professional,"Rs 1,40,44,267
 ~ 1 Crore+","Rs 1,00,000
 ~ 1 Lacs+",703983,2527,706510,36.8750062,57.17886006,1915959,0Madhya Pradesh,RATLAM,GUMAN SINGH DAMOR,1,BJP,Lotus,MALE,0,62,ST,Graduate Professional,"Rs 4,20,72,262
 ~ 4 Crore+","Rs 48,90,940
 ~ 48 Lacs+",694243,1860,696103,37.60458578,49.67427489,1851112,0Maharashtra,RATNAGIRI - SINDHUDURG,Vinayak Raut,1,SHS,Bow and Arrow,MALE,3,65,GENERAL,Post Graduate,"Rs 5,06,60,534
 ~ 5 Crore+","Rs 28,30,000
 ~ 28 Lacs+",456013,2009,458022,31.46669671,50.75851522,1455577,0Madhya Pradesh,REWA,JANARDAN MISHRA,1,BJP,Lotus,MALE,0,62,GENERAL,Graduate Professional,"Rs 2,03,59,750
 ~ 2 Crore+","Rs 5,80,627
 ~ 5 Lacs+",580769,3000,583769,34.75779591,57.53504719,1679534,0Uttar Pradesh,ROBERTSGANJ,PAKAURI LAL KOL,1,ADAL,Cup & Saucer,MALE,0,66,SC,Literate,"Rs 2,30,48,078
 ~ 2 Crore+","Rs 6,84,133
 ~ 6 Lacs+",447691,223,447914,25.9880548,45.29856271,1723538,0Haryana,ROHTAK,ARVIND KUMAR SHARMA,1,BJP,Lotus,MALE,0,56,GENERAL,Post Graduate,"Rs 4,10,79,284
 ~ 4 Crore+","Rs 1,67,78,090
 ~ 1 Crore+",566242,7603,573845,33.03402791,46.84471924,1737133,0Madhya Pradesh,SAGAR,RAJBAHADUR SINGH,1,BJP,Lotus,MALE,1,51,GENERAL,Post Graduate,"Rs 1,64,16,828
 ~ 1 Crore+","Rs 5,47,428
 ~ 5 Lacs+",645338,893,646231,40.81985738,62.28516408,1583129,0Uttar Pradesh,SAHARANPUR,HAJI FAZLUR REHMAN,1,BSP,Elephant,MALE,0,67,GENERAL,Graduate,"Rs 4,61,46,135
 ~ 4 Crore+","Rs 60,000
 ~ 60 Thou+",513268,871,514139,29.56381585,41.7172304,1739082,0Tamil Nadu,SALEM,PARTHIBAN.S.R,1,DMK,Rising Sun,MALE,4,49,GENERAL,Graduate Professional,"Rs 6,00,45,532
 ~ 6 Crore+","Rs 40,39,841
 ~ 40 Lacs+",602453,3849,606302,37.59984422,48.25977251,1612512,0Uttar Pradesh,SALEMPUR,RAVINDER,1,BJP,Lotus,MALE,0,55,GENERAL,12th Pass,"Rs 2,70,31,724
 ~ 2 Crore+","Rs 2,49,400
 ~ 2 Lacs+",464629,3311,467940,28.06603802,50.63732211,1667282,0Bihar,SAMASTIPUR (SC),Ramchandra Paswan,1,LJP,Bungalow,MALE,5,58,SC,10th Pass,"Rs 1,73,75,975
 ~ 1 Crore+","Rs 9,99,057
 ~ 9 Lacs+",561460,983,562443,33.49809116,55.15385317,1679030,0Odisha,SAMBALPUR,NITESH GANGA DEB,1,BJP,Lotus,MALE,1,47,GENERAL,12th Pass,"Rs 26,95,43,587
 ~ 26 Crore+","Rs 1,03,37,195
 ~ 1 Crore+",471382,2388,473770,32.26151321,42.05076589,1468530,0Maharashtra,SANGLI,Sanjaykaka Patil,1,BJP,Lotus,MALE,1,54,GENERAL,10th Pass,"Rs 19,11,92,187
 ~ 19 Crore+","Rs 2,33,45,328
 ~ 2 Crore+",503615,5380,508995,28.13512066,42.68047772,1809109,0Uttar Pradesh,SANT KABIR NAGAR,PRAVEEN KUMAR NISHAD,1,BJP,Lotus,MALE,0,30,ST,Graduate Professional,"Rs 43,00,614
 ~ 43 Lacs+","Rs 23,26,248
 ~ 23 Lacs+",466167,1376,467543,23.8189559,43.94510891,1962903,0Chhattisgarh,SARGUJA,Renuka Singh Saruta,1,BJP,Lotus,FEMALE,0,55,ST,12th Pass,"Rs 2,76,82,493
 ~ 2 Crore+","Rs 32,51,275
 ~ 32 Lacs+",662428,1283,663711,40.09759316,51.80320883,1655239,0Bihar,SASARAM (SC),CHHEDI PASWAN,1,BJP,Lotus,MALE,4,63,SC,"Post Graduate
","Rs 3,21,52,250
~3 Crore+","Rs 22,14,842
~22 Lacs+",492364,2436,494800,27.67526643,50.71870288,1787878,0Maharashtra,SATARA,SHRIMANT CHH. UDAYANRAJE PRATAPSINHMAHARAJ BHONSLE,1,NCP,Clock,MALE,8,53,GENERAL,12th Pass,"Rs 1,99,68,13,173
 ~ 199 Crore+","Rs 1,23,40,338
 ~ 1 Crore+",576078,2948,579026,31.32428703,51.80249374,1848489,0Telangana,SECUNDRABAD,G . KISHAN REDDY,1,BJP,Lotus,MALE,0,58,GENERAL,Others,"Rs 8,14,30,778
 ~ 8 Crore+","Rs 45,00,000
 ~ 45 Lacs+",384248,532,384780,19.54908763,42.04037528,1968276,0Madhya Pradesh,SHAHDOL,HIMADRI SINGH,1,BJP,Lotus,FEMALE,0,32,ST,Graduate,"Rs 3,65,64,408
 ~ 3 Crore+","Rs 17,36,289
 ~ 17 Lacs+",746122,1855,747977,45.1547685,60.3944655,1656474,0Uttar Pradesh,SHAHJAHANPUR,Arun Kumar Sagar,1,BJP,Lotus,MALE,1,42,SC,12th Pass,"Rs 4,34,48,049
 ~ 4 Crore+","Rs 11,79,697
 ~ 11 Lacs+",686352,2638,688990,32.58867061,58.03814737,2114201,0Himachal Pradesh,SHIMLA,SURESH KUMAR KASHYAP,1,BJP,Lotus,MALE,0,48,SC,Post Graduate,"Rs 1,57,05,738
 ~ 1 Crore+","Rs 78,73,806
 ~ 78 Lacs+",601305,4877,606182,48.14464472,66.23861251,1259085,0Karnataka,SHIMOGA,B.Y.RAGHAVENDRA.,1,BJP,Lotus,MALE,2,46,GENERAL,Graduate,"Rs 67,40,93,851
 ~ 67 Crore+","Rs 1,41,50,647
 ~ 1 Crore+",728902,970,729872,43.53109858,56.84064772,1676668,0Maharashtra,SHIRDI,SADASHIV KISAN LOKHANDE,1,SHS,Bow and Arrow,MALE,1,56,SC,10th Pass,"Rs 11,37,10,526
 ~ 11 Crore+","Rs 2,05,100
 ~ 2 Lacs+",483449,3371,486820,30.67396141,47.24105339,1587079,0Maharashtra,SHIRUR,Dr. Amol Ramsing Kolhe,1,NCP,Clock,MALE,0,38,GENERAL,Graduate Professional,"Rs 4,33,51,521
 ~ 4 Crore+","Rs 14,88,116
 ~ 14 Lacs+",634554,1276,635830,29.22645481,49.16889313,2175529,0Uttar Pradesh,SHRAWASTI,RAM SHIROMANI,1,BSP,Elephant,MALE,0,49,GENERAL,Graduate Professional,"Rs 1,91,08,216
 ~ 1 Crore+","Rs 3,50,000
 ~ 3 Lacs+",441505,266,441771,23.07212628,44.30385332,1914739,0Madhya Pradesh,SIDHI,Riti Pathak,1,BJP,Lotus,FEMALE,0,41,GENERAL,Post Graduate,"Rs 5,15,41,791
 ~ 5 Crore+","Rs 5,05,922
 ~ 5 Lacs+",697212,1130,698342,37.83929643,54.44291556,1845547,0Rajasthan,SIKAR,Sumedhanand Saraswati,1,BJP,Lotus,MALE,0,67,GENERAL,Post Graduate,"Rs 28,27,638
 ~ 28 Lacs+","Rs 27,19,583
 ~ 27 Lacs+",761332,10772,772104,37.81835138,58.02409479,2041612,0Assam,SILCHAR,RAJDEEP ROY,1,BJP,Lotus,MALE,0,48,GENERAL,Post Graduate,"Rs 2,99,01,767
 ~ 2 Crore+","Rs 69,76,701
 ~ 69 Lacs+",496235,3179,499414,41.76680159,52.5317401,1195720,0Jharkhand,SINGHBHUM,GEETA KORA,1,INC,Hand,FEMALE,1,35,ST,Post Graduate,"Rs 2,52,49,018
 ~ 2 Crore+","Rs 19,28,508
 ~ 19 Lacs+",431545,270,431815,34.00340337,49.09688965,1269917,0Haryana,SIRSA,Sunita Duggal,1,BJP,Lotus,FEMALE,0,51,SC,Post Graduate,"Rs 4,25,96,349
 ~ 4 Crore+","Rs 25,00,000
 ~ 25 Lacs+",712877,1474,714351,39.61246547,52.13038452,1803349,0Bihar,SITAMARHI,Sunil Kumar Pintu,1,JD(U),Arrow,MALE,6,58,GENERAL,Graduate,"Rs 6,07,17,031
 ~ 6 Crore+","Rs 1,02,77,790
 ~ 1 Crore+",565533,2212,567745,32.39714138,54.61186995,1752454,0Uttar Pradesh,SITAPUR,Rajesh Verma,1,BJP,Lotus,MALE,1,58,GENERAL,Post Graduate,"Rs 7,31,29,716
 ~ 7 Crore+","Rs 1,08,148
 ~ 1 Lacs+",513984,544,514528,30.88169802,48.30241959,1666126,0Tamil Nadu,SIVAGANGA,KARTI P CHIDAMBARAM,1,INC,Hand,MALE,8,47,GENERAL,Graduate Professional,"Rs 79,37,29,024
 ~ 79 Crore+","Rs 17,40,81,116
 ~ 17 Crore+",564002,2102,566104,36.47532666,52.18000453,1552019,0Bihar,SIWAN,Kavita Singh,1,JD(U),Arrow,FEMALE,4,33,GENERAL,Post Graduate,"Rs 1,93,25,264
 ~ 1 Crore+","Rs 4,12,511
 ~ 4 Lacs+",447171,1302,448473,24.92138317,45.5371884,1799551,0NCT OF Delhi,SOUTH DELHI,RAMESH BIDHURI,1,BJP,Lotus,MALE,2,57,GENERAL,Graduate Professional,"Rs 18,00,52,708
 ~ 18 Crore+","Rs 20,38,454
 ~ 20 Lacs+",685789,1225,687014,33.22980871,56.56554512,2067463,0West Bengal,SRERAMPUR,KALYAN BANERJEE,1,AITC,Flowers and Grass,MALE,0,62,GENERAL,Graduate Professional,"Rs 17,59,68,902
 ~ 17 Crore+","Rs 55,22,403
 ~ 55 Lacs+",637231,476,637707,35.71643801,45.47711942,1785472,0Andhra Pradesh,SRIKAKULAM,KINJARAPU RAM MOHAN NAIDU,1,TDP,Bicycle,MALE,1,32,GENERAL,Post Graduate,"Rs 12,27,91,042
 ~ 12 Crore+","Rs 1,20,00,000
 ~ 1 Crore+",529213,5331,534544,34.40103999,45.91174333,1553860,0Uttar Pradesh,SULTANPUR,MANEKA SANJAI GANDHI,1,BJP,Lotus,FEMALE,0,62,GENERAL,12th Pass,"Rs 55,69,26,451
 ~ 55 Crore+","Rs 1,19,35,800
 ~ 1 Crore+",458281,915,459196,25.86734085,45.88454421,1775196,0Odisha,SUNDARGARH,Jual Oram,1,BJP,Lotus,MALE,2,58,ST,Others,"Rs 7,41,85,014
 ~ 7 Crore+","Rs 1,27,43,330
 ~ 1 Crore+",498468,1588,500056,32.65085454,45.4163257,1531525,0Gujarat,SURENDRANAGAR,Dr. MUNJAPARA MAHENDRABHAI,1,BJP,Lotus,MALE,0,50,GENERAL,Post Graduate,"Rs 7,90,84,513
 ~ 7 Crore+","Rs 1,48,22,528
 ~ 1 Crore+",626957,4887,631844,34.16427449,58.49329614,1849429,0West Bengal,TAMLUK,Adhikari Dibyendu,1,AITC,Flowers and Grass,MALE,1,42,GENERAL,Graduate,"Rs 3,76,87,867
 ~ 3 Crore+","Rs 83,97,501
 ~ 83 Lacs+",723641,792,724433,42.748338,50.06655425,1694646,0Uttarakhand,TEHRI GARHWAL,MALA RAJYA LAXMI SHAH,1,BJP,Lotus,FEMALE,0,68,GENERAL,12th Pass,"Rs 1,84,66,40,100
 ~ 184 Crore+","Rs 1,35,00,00,000
 ~ 135 Crore+",556120,9213,565333,37.85180607,64.302085,1493543,0Tamil Nadu,TENKASI,DHANUSH.M.KUMAR,1,DMK,Rising Sun,MALE,1,44,SC,Post Graduate,"Rs 5,13,60,700
 ~ 5 Crore+","Rs 28,96,862
 ~ 28 Lacs+",470346,5810,476156,31.90716182,44.667207,1492317,0Maharashtra,THANE,RAJAN BABURAO VICHARE,1,SHS,Bow and Arrow,MALE,9,57,GENERAL,12th Pass,"Rs 18,14,41,465
 ~ 18 Crore+","Rs 5,40,80,733
 ~ 5 Crore+",738618,2351,740969,31.25260713,63.27822233,2370903,0Tamil Nadu,THANJAVUR,"PALANIMANICKAM,S.S.",1,DMK,Rising Sun,MALE,0,68,GENERAL,Graduate Professional,"Rs 4,24,52,076
 ~ 4 Crore+","Rs 23,68,600
 ~ 23 Lacs+",583621,5357,588978,40.31191224,55.56123662,1461052,0Tamil Nadu,THENI,"RAVEENDRANATH KUMAR, P",1,AIADMK,Two Leaves,MALE,0,39,GENERAL,Post Graduate,"Rs 6,58,03,231
 ~ 6 Crore+","Rs 3,27,34,079
 ~ 3 Crore+",503459,1354,504813,32.33824886,42.962516,1561040,0Tamil Nadu,THOOTHUKKUDI,KANIMOZHI KARUNANIDHI,1,DMK,Rising Sun,FEMALE,6,51,GENERAL,Graduate Professional,"Rs 30,33,73,130
 ~ 30 Crore+","Rs 1,92,90,928
 ~ 1 Crore+",560345,2798,563143,39.44177792,56.77033611,1427783,0Kerala,THRISSUR,T. N. PRATHAPAN,1,INC,Hand,MALE,7,58,GENERAL,12th Pass,"Rs 86,09,349
 ~ 86 Lacs+","Rs 29,78,120
 ~ 29 Lacs+",414541,548,415089,31.0437436,39.83113302,1337110,0Madhya Pradesh,TIKAMGARH,Dr Virendra Kumar,1,BJP,Lotus,MALE,0,65,SC,Doctorate,"Rs 2,15,03,766
 ~ 2 Crore+","Rs 19,74,216
 ~ 19 Lacs+",670967,1281,672248,40.80662912,61.25523257,1647399,0Tamil Nadu,TIRUCHIRAPPALLI,Thirunavukkarasar. SU,1,INC,Hand,MALE,0,69,GENERAL,Post Graduate,"Rs 3,21,82,184
 ~ 3 Crore+","Rs 40,208
 ~ 40 Thou+",615667,5618,621285,41.17297773,59.23888636,1508963,0Tamil Nadu,TIRUNELVELI,GNANATHIRAVIAM S,1,DMK,Rising Sun,MALE,4,54,GENERAL,10th Pass,"Rs 23,27,59,237
 ~ 23 Crore+","Rs 4,61,49,049
 ~ 4 Crore+",517589,5404,522993,33.78944308,50.26893761,1547800,0Tamil Nadu,TIRUPPUR,"SUBBARAYAN, K.",1,CPI(M),Ears of Corn And Sickle,MALE,0,71,GENERAL,10th Pass,"Rs 80,35,576
 ~ 80 Lacs+","Rs 5,00,000
 ~ 5 Lacs+",505793,2932,508725,33.24969575,45.41810368,1530014,0Tamil Nadu,TIRUVANNAMALAI,ANNADURAI C N,1,DMK,Rising Sun,MALE,0,45,GENERAL,Graduate,"Rs 13,48,97,466
 ~ 13 Crore+","Rs 3,22,43,604
 ~ 3 Crore+",661719,4553,666272,45.20586052,57.84660585,1473862,0Karnataka,TUMKUR,G. S. BASAVARAJ,1,BJP,Lotus,MALE,0,78,GENERAL,Graduate Professional,"Rs 51,07,79,150
 ~ 51 Crore+","Rs 11,38,44,867
 ~ 11 Crore+",594011,2116,596127,37.06001386,47.86365618,1608545,0Rajasthan,UDAIPUR,ARJUNLAL MEENA,1,BJP,Lotus,MALE,0,54,ST,Post Graduate,"Rs 4,81,96,946
 ~ 4 Crore+","Rs 1,56,02,872
 ~ 1 Crore+",867694,3854,871548,42.11273996,59.88304383,2069559,0Karnataka,UDUPI CHIKMAGALUR,SHOBHA KARANDLAJE,1,BJP,Lotus,FEMALE,3,52,GENERAL,Post Graduate,"Rs 10,48,72,668
 ~ 10 Crore+","Rs 4,99,36,840
 ~ 4 Crore+",717482,1434,718916,47.49062958,62.42633223,1513806,0Bihar,UJIARPUR,Nityanand Rai,1,BJP,Lotus,MALE,3,53,GENERAL,Graduate,"Rs 18,70,07,570
 ~ 18 Crore+","Rs 3,57,561
 ~ 3 Lacs+",542341,1565,543906,33.73478881,56.08076201,1612300,0Madhya Pradesh,UJJAIN,ANIL FIROJIYA,1,BJP,Lotus,MALE,0,47,SC,12th Pass,"Rs 2,64,17,937
 ~ 2 Crore+","Rs 32,03,766
 ~ 32 Lacs+",790207,1456,791663,47.65526005,63.17822807,1661229,0West Bengal,ULUBERIA,SAJDA AHMED,1,AITC,Flowers and Grass,FEMALE,0,57,GENERAL,Graduate,"Rs 2,83,51,569
 ~ 2 Crore+","Rs 53,22,615
 ~ 53 Lacs+",694617,328,694945,43.03096989,53.00392031,1614988,0Uttar Pradesh,UNNAO,Swami Sakshi Ji Maharaj,1,BJP,Lotus,MALE,4,63,GENERAL,Doctorate,"Rs 4,08,86,941
 ~ 4 Crore+","Rs 6,99,025
 ~ 6 Lacs+",702441,1066,703507,32.10213259,56.84670773,2191465,0Karnataka,UTTARA KANNADA,ANANTKUMAR HEGDE,1,BJP,Lotus,MALE,4,51,GENERAL,12th Pass,"Rs 8,47,55,455
 ~ 8 Crore+","Rs 4,10,16,655
 ~ 4 Crore+",783211,2831,786042,50.4973985,68.09154618,1556599,0Bihar,VAISHALI,Veena Devi (W/o Dinesh Prasad Singh),1,LJP,Bungalow,FEMALE,2,48,GENERAL,10th Pass,"Rs 33,72,84,632
 ~ 33 Crore+","Rs 11,20,89,220
 ~ 11 Crore+",566707,1508,568215,32.73159933,52.86945534,1735983,0Bihar,VALMIKI NAGAR,BAIDYANATH PRASAD MAHTO,1,JD(U),Arrow,MALE,4,62,GENERAL,10th Pass,"Rs 1,79,34,888
 ~ 1 Crore+","Rs 29,15,945
 ~ 29 Lacs+",601227,1433,602660,36.184886,58.38421826,1665502,0Madhya Pradesh,VIDISHA,Ramakant Bhargava,1,BJP,Lotus,MALE,0,65,GENERAL,12th Pass,"Rs 3,00,32,282
 ~ 3 Crore+","Rs 33,32,012
 ~ 33 Lacs+",850443,2579,853022,48.97910202,68.18650166,1741604,0Andhra Pradesh,VIJAYAWADA,KESINENI SRINIVAS (NANI),1,TDP,Bicycle,MALE,0,53,GENERAL,10th Pass,"Rs 80,81,52,415
 ~ 80 Crore+","Rs 51,23,32,955
 ~ 51 Crore+",573929,1569,575498,34.81549237,45.03907182,1652994,0Tamil Nadu,VILUPPURAM,RAVIKUMAR D,1,DMK,Rising Sun,MALE,0,58,SC,Doctorate,"Rs 65,09,860
 ~ 65 Lacs+","Rs 13,69,031
 ~ 13 Lacs+",556675,2910,559585,38.74343556,49.25499385,1444335,0Tamil Nadu,VIRUDHUNAGAR,"MANICKAM TAGORE, B.",1,INC,Hand,MALE,1,44,GENERAL,Graduate Professional,"Rs 1,72,92,470 
1 Crore+","Rs 49,53,498
 ~49 Lacs+",464667,6216,470883,31.72518757,43.76537048,1484256,0Andhra Pradesh,VISAKHAPATNAM,M V V SATYANARAYANA,1,YSRCP,Ceiling Fan,MALE,1,52,GENERAL,10th Pass,"Rs 2,02,39,05,124
 ~ 202 Crore+","Rs 16,00,30,959
 ~ 16 Crore+",433968,2938,436906,23.88378068,35.23659975,1829300,0Andhra Pradesh,VIZIANAGARAM,Bellana Chandra Sekhar,1,YSRCP,Ceiling Fan,MALE,4,57,GENERAL,Graduate Professional,"Rs 2,10,35,766
 ~ 2 Crore+","Rs 1,11,30,148
 ~ 1 Crore+",573466,4952,578418,38.45915504,47.31694907,1503980,0
